constructor_id,name,nationality,url
adams,Adams,American,http://en.wikipedia.org/wiki/Adams_(constructor)
alfa,Alfa Romeo,Swiss,http://en.wikipedia.org/wiki/Alfa_Romeo_in_Formula_One
alta,Alta,British,http://en.wikipedia.org/wiki/Alta_auto_racing_team
cooper,Cooper,British,http://en.wikipedia.org/wiki/Cooper_Car_Company
deidt,Deidt,American,http://en.wikipedia.org/wiki/Deidt
era,ERA,British,http://en.wikipedia.org/wiki/English_Racing_Automobiles
ewing,Ewing,American,http://en.wikipedia.org/wiki/Ewing_(constructor)
ferrari,Ferrari,Italian,http://en.wikipedia.org/wiki/Scuderia_Ferrari
kurtis_kraft,Kurtis Kraft,American,http://en.wikipedia.org/wiki/Kurtis_Kraft
langley,Langley,American,http://en.wikipedia.org/wiki/Langley_(constructor)
lesovsky,Lesovsky,American,http://en.wikipedia.org/wiki/Lesovsky
marchese,Marchese,American,http://en.wikipedia.org/wiki/Marchese_(constructor)
maserati,Maserati,Italian,http://en.wikipedia.org/wiki/Maserati
milano,Milano,Italian,http://en.wikipedia.org/wiki/Scuderia_Milano
moore,Moore,American,http://en.wikipedia.org/wiki/Moore_(constructor)
nichels,Nichels,American,http://en.wikipedia.org/wiki/Nichels
olson,Olson,American,http://en.wikipedia.org/wiki/Olson_(constructor)
rae,Rae,American,http://en.wikipedia.org/wiki/Rae_(motorsport)
simca,Simca,French,http://en.wikipedia.org/wiki/Simca
snowberger,Snowberger,American,http://en.wikipedia.org/wiki/Snowberger
stevens,Stevens,American,http://en.wikipedia.org/wiki/Stevens_(constructor)
lago,Talbot-Lago,French,http://en.wikipedia.org/wiki/Talbot-Lago
watson,Watson,American,http://en.wikipedia.org/wiki/A.J._Watson
wetteroth,Wetteroth,American,http://en.wikipedia.org/wiki/Wetteroth
alfa,Alfa Romeo,Swiss,http://en.wikipedia.org/wiki/Alfa_Romeo_in_Formula_One
alta,Alta,British,http://en.wikipedia.org/wiki/Alta_auto_racing_team
brm,BRM,British,http://en.wikipedia.org/wiki/BRM
bromme,Bromme,American,http://en.wikipedia.org/wiki/Bromme
deidt,Deidt,American,http://en.wikipedia.org/wiki/Deidt
era,ERA,British,http://en.wikipedia.org/wiki/English_Racing_Automobiles
ferrari,Ferrari,Italian,http://en.wikipedia.org/wiki/Scuderia_Ferrari
hall,Hall,American,http://en.wikipedia.org/wiki/Hall_(constructor)
hwm,HWM,British,http://en.wikipedia.org/wiki/Hersham_and_Walton_Motors
kurtis_kraft,Kurtis Kraft,American,http://en.wikipedia.org/wiki/Kurtis_Kraft
kuzma,Kuzma,American,http://en.wikipedia.org/wiki/Kuzma_(constructor)
lesovsky,Lesovsky,American,http://en.wikipedia.org/wiki/Lesovsky
marchese,Marchese,American,http://en.wikipedia.org/wiki/Marchese_(constructor)
maserati,Maserati,Italian,http://en.wikipedia.org/wiki/Maserati
moore,Moore,American,http://en.wikipedia.org/wiki/Moore_(constructor)
osca,OSCA,Italian,http://en.wikipedia.org/wiki/Officine_Specializate_Costruzione_Automobili
pawl,Pawl,American,http://en.wikipedia.org/wiki/Pawl_(constructor)
schroeder,Schroeder,American,http://en.wikipedia.org/wiki/Schroeder_(constructor)
sherman,Sherman,American,http://en.wikipedia.org/wiki/Sherman_(constructor)
simca,Simca,French,http://en.wikipedia.org/wiki/Simca
lago,Talbot-Lago,French,http://en.wikipedia.org/wiki/Talbot-Lago
trevis,Trevis,American,http://en.wikipedia.org/wiki/Trevis
veritas,Veritas,German,http://en.wikipedia.org/wiki/Veritas_(constructor)
watson,Watson,American,http://en.wikipedia.org/wiki/A.J._Watson
afm,AFM,German,http://en.wikipedia.org/wiki/Alex_von_Falkenhausen_Motorenbau
alta,Alta,British,http://en.wikipedia.org/wiki/Alta_auto_racing_team
butterworth,Aston Butterworth,British,http://en.wikipedia.org/wiki/Aston_Butterworth
bmw,BMW,German,http://en.wikipedia.org/wiki/BMW
bromme,Bromme,American,http://en.wikipedia.org/wiki/Bromme
cisitalia,Cisitalia,Italian,http://en.wikipedia.org/wiki/Cisitalia
connaught,Connaught,British,http://en.wikipedia.org/wiki/Connaught_Engineering
cooper,Cooper,British,http://en.wikipedia.org/wiki/Cooper_Car_Company
deidt,Deidt,American,http://en.wikipedia.org/wiki/Deidt
era,ERA,British,http://en.wikipedia.org/wiki/English_Racing_Automobiles
ferrari,Ferrari,Italian,http://en.wikipedia.org/wiki/Scuderia_Ferrari
frazer_nash,Frazer Nash,British,http://en.wikipedia.org/wiki/Frazer_Nash
gordini,Gordini,French,http://en.wikipedia.org/wiki/Gordini
hwm,HWM,British,http://en.wikipedia.org/wiki/Hersham_and_Walton_Motors
kurtis_kraft,Kurtis Kraft,American,http://en.wikipedia.org/wiki/Kurtis_Kraft
kuzma,Kuzma,American,http://en.wikipedia.org/wiki/Kuzma_(constructor)
lesovsky,Lesovsky,American,http://en.wikipedia.org/wiki/Lesovsky
maserati,Maserati,Italian,http://en.wikipedia.org/wiki/Maserati
osca,OSCA,Italian,http://en.wikipedia.org/wiki/Officine_Specializate_Costruzione_Automobili
sherman,Sherman,American,http://en.wikipedia.org/wiki/Sherman_(constructor)
simca,Simca,French,http://en.wikipedia.org/wiki/Simca
stevens,Stevens,American,http://en.wikipedia.org/wiki/Stevens_(constructor)
trevis,Trevis,American,http://en.wikipedia.org/wiki/Trevis
veritas,Veritas,German,http://en.wikipedia.org/wiki/Veritas_(constructor)
watson,Watson,American,http://en.wikipedia.org/wiki/A.J._Watson
afm,AFM,German,http://en.wikipedia.org/wiki/Alex_von_Falkenhausen_Motorenbau
bmw,BMW,German,http://en.wikipedia.org/wiki/BMW
bromme,Bromme,American,http://en.wikipedia.org/wiki/Bromme
connaught,Connaught,British,http://en.wikipedia.org/wiki/Connaught_Engineering
cooper,Cooper,British,http://en.wikipedia.org/wiki/Cooper_Car_Company
del_roy,Del Roy,American,http://en.wikipedia.org/wiki/Del_Roy
emw,EMW,East German,http://en.wikipedia.org/wiki/Eisenacher_Motorenwerk
ferrari,Ferrari,Italian,http://en.wikipedia.org/wiki/Scuderia_Ferrari
gordini,Gordini,French,http://en.wikipedia.org/wiki/Gordini
hwm,HWM,British,http://en.wikipedia.org/wiki/Hersham_and_Walton_Motors
kurtis_kraft,Kurtis Kraft,American,http://en.wikipedia.org/wiki/Kurtis_Kraft
kuzma,Kuzma,American,http://en.wikipedia.org/wiki/Kuzma_(constructor)
lesovsky,Lesovsky,American,http://en.wikipedia.org/wiki/Lesovsky
maserati,Maserati,Italian,http://en.wikipedia.org/wiki/Maserati
osca,OSCA,Italian,http://en.wikipedia.org/wiki/Officine_Specializate_Costruzione_Automobili
schroeder,Schroeder,American,http://en.wikipedia.org/wiki/Schroeder_(constructor)
simca,Simca,French,http://en.wikipedia.org/wiki/Simca
stevens,Stevens,American,http://en.wikipedia.org/wiki/Stevens_(constructor)
turner,Turner,American,http://en.wikipedia.org/wiki/Turner_(constructor)
veritas,Veritas,German,http://en.wikipedia.org/wiki/Veritas_(constructor)
watson,Watson,American,http://en.wikipedia.org/wiki/A.J._Watson
bromme,Bromme,American,http://en.wikipedia.org/wiki/Bromme
connaught,Connaught,British,http://en.wikipedia.org/wiki/Connaught_Engineering
cooper,Cooper,British,http://en.wikipedia.org/wiki/Cooper_Car_Company
ferrari,Ferrari,Italian,http://en.wikipedia.org/wiki/Scuderia_Ferrari
gordini,Gordini,French,http://en.wikipedia.org/wiki/Gordini
hwm,HWM,British,http://en.wikipedia.org/wiki/Hersham_and_Walton_Motors
klenk,Klenk,German,http://en.wikipedia.org/wiki/Klenk
kurtis_kraft,Kurtis Kraft,American,http://en.wikipedia.org/wiki/Kurtis_Kraft
kuzma,Kuzma,American,http://en.wikipedia.org/wiki/Kuzma_(constructor)
lancia,Lancia,Italian,http://en.wikipedia.org/wiki/Lancia_in_Formula_One
maserati,Maserati,Italian,http://en.wikipedia.org/wiki/Maserati
mercedes,Mercedes,German,http://en.wikipedia.org/wiki/Mercedes-Benz_in_Formula_One
nichels,Nichels,American,http://en.wikipedia.org/wiki/Nichels
pankratz,Pankratz,American,http://en.wikipedia.org/wiki/Pankratz
pawl,Pawl,American,http://en.wikipedia.org/wiki/Pawl_(constructor)
phillips,Phillips,American,http://en.wikipedia.org/wiki/Phillips_(constructor)
schroeder,Schroeder,American,http://en.wikipedia.org/wiki/Schroeder_(constructor)
stevens,Stevens,American,http://en.wikipedia.org/wiki/Stevens_(constructor)
vanwall,Vanwall,British,http://en.wikipedia.org/wiki/Vanwall
arzani-volpini,Arzani-Volpini,Italian,http://en.wikipedia.org/wiki/Arzani-Volpini
connaught,Connaught,British,http://en.wikipedia.org/wiki/Connaught_Engineering
cooper,Cooper,British,http://en.wikipedia.org/wiki/Cooper_Car_Company
epperly,Epperly,American,http://en.wikipedia.org/wiki/Epperly
ferrari,Ferrari,Italian,http://en.wikipedia.org/wiki/Scuderia_Ferrari
gordini,Gordini,French,http://en.wikipedia.org/wiki/Gordini
hwm,HWM,British,http://en.wikipedia.org/wiki/Hersham_and_Walton_Motors
kurtis_kraft,Kurtis Kraft,American,http://en.wikipedia.org/wiki/Kurtis_Kraft
kuzma,Kuzma,American,http://en.wikipedia.org/wiki/Kuzma_(constructor)
lancia,Lancia,Italian,http://en.wikipedia.org/wiki/Lancia_in_Formula_One
maserati,Maserati,Italian,http://en.wikipedia.org/wiki/Maserati
mercedes,Mercedes,German,http://en.wikipedia.org/wiki/Mercedes-Benz_in_Formula_One
pankratz,Pankratz,American,http://en.wikipedia.org/wiki/Pankratz
pawl,Pawl,American,http://en.wikipedia.org/wiki/Pawl_(constructor)
phillips,Phillips,American,http://en.wikipedia.org/wiki/Phillips_(constructor)
schroeder,Schroeder,American,http://en.wikipedia.org/wiki/Schroeder_(constructor)
stevens,Stevens,American,http://en.wikipedia.org/wiki/Stevens_(constructor)
trevis,Trevis,American,http://en.wikipedia.org/wiki/Trevis
vanwall,Vanwall,British,http://en.wikipedia.org/wiki/Vanwall
brm,BRM,British,http://en.wikipedia.org/wiki/BRM
bugatti,Bugatti,French,http://en.wikipedia.org/wiki/Bugatti
connaught,Connaught,British,http://en.wikipedia.org/wiki/Connaught_Engineering
cooper,Cooper,British,http://en.wikipedia.org/wiki/Cooper_Car_Company
emeryson,Emeryson,British,http://en.wikipedia.org/wiki/Emeryson
ferrari,Ferrari,Italian,http://en.wikipedia.org/wiki/Scuderia_Ferrari
gordini,Gordini,French,http://en.wikipedia.org/wiki/Gordini
kurtis_kraft,Kurtis Kraft,American,http://en.wikipedia.org/wiki/Kurtis_Kraft
kuzma,Kuzma,American,http://en.wikipedia.org/wiki/Kuzma_(constructor)
lesovsky,Lesovsky,American,http://en.wikipedia.org/wiki/Lesovsky
maserati,Maserati,Italian,http://en.wikipedia.org/wiki/Maserati
phillips,Phillips,American,http://en.wikipedia.org/wiki/Phillips_(constructor)
stevens,Stevens,American,http://en.wikipedia.org/wiki/Stevens_(constructor)
vanwall,Vanwall,British,http://en.wikipedia.org/wiki/Vanwall
watson,Watson,American,http://en.wikipedia.org/wiki/A.J._Watson
brm,BRM,British,http://en.wikipedia.org/wiki/BRM
connaught,Connaught,British,http://en.wikipedia.org/wiki/Connaught_Engineering
cooper,Cooper,British,http://en.wikipedia.org/wiki/Cooper_Car_Company
dunn,Dunn,American,http://en.wikipedia.org/wiki/Dunn_Engineering
epperly,Epperly,American,http://en.wikipedia.org/wiki/Epperly
ferrari,Ferrari,Italian,http://en.wikipedia.org/wiki/Scuderia_Ferrari
kurtis_kraft,Kurtis Kraft,American,http://en.wikipedia.org/wiki/Kurtis_Kraft
kuzma,Kuzma,American,http://en.wikipedia.org/wiki/Kuzma_(constructor)
lesovsky,Lesovsky,American,http://en.wikipedia.org/wiki/Lesovsky
maserati,Maserati,Italian,http://en.wikipedia.org/wiki/Maserati
phillips,Phillips,American,http://en.wikipedia.org/wiki/Phillips_(constructor)
porsche,Porsche,German,http://en.wikipedia.org/wiki/Porsche_in_Formula_One
vanwall,Vanwall,British,http://en.wikipedia.org/wiki/Vanwall
watson,Watson,American,http://en.wikipedia.org/wiki/A.J._Watson
brm,BRM,British,http://en.wikipedia.org/wiki/BRM
connaught,Connaught,British,http://en.wikipedia.org/wiki/Connaught_Engineering
cooper,Cooper,British,http://en.wikipedia.org/wiki/Cooper_Car_Company
dunn,Dunn,American,http://en.wikipedia.org/wiki/Dunn_Engineering
epperly,Epperly,American,http://en.wikipedia.org/wiki/Epperly
ferrari,Ferrari,Italian,http://en.wikipedia.org/wiki/Scuderia_Ferrari
kurtis_kraft,Kurtis Kraft,American,http://en.wikipedia.org/wiki/Kurtis_Kraft
kuzma,Kuzma,American,http://en.wikipedia.org/wiki/Kuzma_(constructor)
lesovsky,Lesovsky,American,http://en.wikipedia.org/wiki/Lesovsky
maserati,Maserati,Italian,http://en.wikipedia.org/wiki/Maserati
osca,OSCA,Italian,http://en.wikipedia.org/wiki/Officine_Specializate_Costruzione_Automobili
phillips,Phillips,American,http://en.wikipedia.org/wiki/Phillips_(constructor)
porsche,Porsche,German,http://en.wikipedia.org/wiki/Porsche_in_Formula_One
team_lotus,Team Lotus,British,http://en.wikipedia.org/wiki/Team_Lotus
vanwall,Vanwall,British,http://en.wikipedia.org/wiki/Vanwall
watson,Watson,American,http://en.wikipedia.org/wiki/A.J._Watson
aston_martin,Aston Martin,British,http://en.wikipedia.org/wiki/Aston_Martin_in_Formula_One
brm,BRM,British,http://en.wikipedia.org/wiki/BRM
vhristensen,Christensen,American,http://en.wikipedia.org/wiki/Christensen_(constructor)
connaught,Connaught,British,http://en.wikipedia.org/wiki/Connaught_Engineering
cooper-borgward,Cooper-Borgward,British,http://en.wikipedia.org/wiki/Cooper_Car_Company
cooper-climax,Cooper-Climax,British,http://en.wikipedia.org/wiki/Cooper_Car_Company
cooper-maserati,Cooper-Maserati,British,http://en.wikipedia.org/wiki/Cooper_Car_Company
cooper-osca,Cooper-OSCA,British,http://en.wikipedia.org/wiki/Cooper_Car_Company
dunn,Dunn,American,http://en.wikipedia.org/wiki/Dunn_Engineering
elder,Elder,American,http://en.wikipedia.org/wiki/Elder_(constructor)
epperly,Epperly,American,http://en.wikipedia.org/wiki/Epperly
ferrari,Ferrari,Italian,http://en.wikipedia.org/wiki/Scuderia_Ferrari
fry,Fry,British,http://en.wikipedia.org/wiki/Fry_(racing_team)
jbw,JBW,British,http://en.wikipedia.org/wiki/JBW
kurtis_kraft,Kurtis Kraft,American,http://en.wikipedia.org/wiki/Kurtis_Kraft
kuzma,Kuzma,American,http://en.wikipedia.org/wiki/Kuzma_(constructor)
lesovsky,Lesovsky,American,http://en.wikipedia.org/wiki/Lesovsky
maserati,Maserati,Italian,http://en.wikipedia.org/wiki/Maserati
moore,Moore,American,http://en.wikipedia.org/wiki/Moore_(constructor)
phillips,Phillips,American,http://en.wikipedia.org/wiki/Phillips_(constructor)
porsche,Porsche,German,http://en.wikipedia.org/wiki/Porsche_in_Formula_One
sutton,Sutton,American,http://en.wikipedia.org/wiki/Sutton_(constructor)
team_lotus,Team Lotus,British,http://en.wikipedia.org/wiki/Team_Lotus
tec-mec,Tec-Mec,Italian,http://en.wikipedia.org/wiki/Tec-Mec
vanwall,Vanwall,British,http://en.wikipedia.org/wiki/Vanwall
watson,Watson,American,http://en.wikipedia.org/wiki/A.J._Watson
aston_martin,Aston Martin,British,http://en.wikipedia.org/wiki/Aston_Martin_in_Formula_One
behra-porsche,Behra-Porsche,Italian,http://en.wikipedia.org/wiki/Behra-Porsche
brm,BRM,British,http://en.wikipedia.org/wiki/BRM
vhristensen,Christensen,American,http://en.wikipedia.org/wiki/Christensen_(constructor)
cooper-castellotti,Cooper-Castellotti,British,http://en.wikipedia.org/wiki/Cooper_Car_Company
cooper-climax,Cooper-Climax,British,http://en.wikipedia.org/wiki/Cooper_Car_Company
cooper-maserati,Cooper-Maserati,British,http://en.wikipedia.org/wiki/Cooper_Car_Company
epperly,Epperly,American,http://en.wikipedia.org/wiki/Epperly
ewing,Ewing,American,http://en.wikipedia.org/wiki/Ewing_(constructor)
ferrari,Ferrari,Italian,http://en.wikipedia.org/wiki/Scuderia_Ferrari
jbw,JBW,British,http://en.wikipedia.org/wiki/JBW
kurtis_kraft,Kurtis Kraft,American,http://en.wikipedia.org/wiki/Kurtis_Kraft
kuzma,Kuzma,American,http://en.wikipedia.org/wiki/Kuzma_(constructor)
lesovsky,Lesovsky,American,http://en.wikipedia.org/wiki/Lesovsky
maserati,Maserati,Italian,http://en.wikipedia.org/wiki/Maserati
meskowski,Meskowski,American,http://en.wikipedia.org/wiki/Meskowski
phillips,Phillips,American,http://en.wikipedia.org/wiki/Phillips_(constructor)
porsche,Porsche,German,http://en.wikipedia.org/wiki/Porsche_in_Formula_One
scarab,Scarab,American,http://en.wikipedia.org/wiki/Scarab_(constructor)
team_lotus,Team Lotus,British,http://en.wikipedia.org/wiki/Team_Lotus
trevis,Trevis,American,http://en.wikipedia.org/wiki/Trevis
vanwall,Vanwall,British,http://en.wikipedia.org/wiki/Vanwall
watson,Watson,American,http://en.wikipedia.org/wiki/A.J._Watson
brm,BRM,British,http://en.wikipedia.org/wiki/BRM
cooper-climax,Cooper-Climax,British,http://en.wikipedia.org/wiki/Cooper_Car_Company
cooper-maserati,Cooper-Maserati,British,http://en.wikipedia.org/wiki/Cooper_Car_Company
de_tomaso-alfa_romeo,De Tomaso-Alfa Romeo,Italian,http://en.wikipedia.org/wiki/De_Tomaso
de_tomaso-osca,De Tomaso-Osca,Italian,http://en.wikipedia.org/wiki/De_Tomaso
emeryson,Emeryson,British,http://en.wikipedia.org/wiki/Emeryson
ferguson,Ferguson,British,http://en.wikipedia.org/wiki/Ferguson_Research_Ltd.
ferrari,Ferrari,Italian,http://en.wikipedia.org/wiki/Scuderia_Ferrari
gilby,Gilby,British,http://en.wikipedia.org/wiki/Gilby
jbw,JBW,British,http://en.wikipedia.org/wiki/JBW
lotus-climax,Lotus-Climax,British,http://en.wikipedia.org/wiki/Team_Lotus
lotus-maserati,Lotus-Maserati,British,http://en.wikipedia.org/wiki/Team_Lotus
mbm,MBM,Swiss,http://en.wikipedia.org/wiki/Monteverdi_Basel_Motors
porsche,Porsche,German,http://en.wikipedia.org/wiki/Porsche_in_Formula_One
brabham,Brabham,British,http://en.wikipedia.org/wiki/Brabham
brm,BRM,British,http://en.wikipedia.org/wiki/BRM
cooper,Cooper,British,http://en.wikipedia.org/wiki/Cooper_Car_Company
cooper-alfa_romeo,Cooper-Alfa Romeo,British,http://en.wikipedia.org/wiki/Cooper_Car_Company
cooper-climax,Cooper-Climax,British,http://en.wikipedia.org/wiki/Cooper_Car_Company
tomaso,De Tomaso,Italian,http://en.wikipedia.org/wiki/De_Tomaso
de_tomaso-alfa_romeo,De Tomaso-Alfa Romeo,Italian,http://en.wikipedia.org/wiki/De_Tomaso
de_tomaso-osca,De Tomaso-Osca,Italian,http://en.wikipedia.org/wiki/De_Tomaso
emeryson,Emeryson,British,http://en.wikipedia.org/wiki/Emeryson
enb,ENB,Belgian,http://en.wikipedia.org/wiki/Ecurie_Nationale_Belge
ferrari,Ferrari,Italian,http://en.wikipedia.org/wiki/Scuderia_Ferrari
gilby,Gilby,British,http://en.wikipedia.org/wiki/Gilby
lds,LDS,South African,http://en.wikipedia.org/wiki/LDS_(automobile)
lola,Lola,British,http://en.wikipedia.org/wiki/MasterCard_Lola
lotus-borgward,Lotus-Borgward,British,http://en.wikipedia.org/wiki/Team_Lotus
lotus-brm,Lotus-BRM,British,http://en.wikipedia.org/wiki/Team_Lotus
lotus-climax,Lotus-Climax,British,http://en.wikipedia.org/wiki/Team_Lotus
porsche,Porsche,German,http://en.wikipedia.org/wiki/Porsche_in_Formula_One
team_lotus,Team Lotus,British,http://en.wikipedia.org/wiki/Team_Lotus
alfa,Alfa Romeo,Swiss,http://en.wikipedia.org/wiki/Alfa_Romeo_in_Formula_One
ats,ATS,Italian,http://en.wikipedia.org/wiki/ATS_(wheels)
brabham,Brabham,British,http://en.wikipedia.org/wiki/Brabham
brm,BRM,British,http://en.wikipedia.org/wiki/BRM
brp,BRP,British,http://en.wikipedia.org/wiki/British_Racing_Partnership
cooper-climax,Cooper-Climax,British,http://en.wikipedia.org/wiki/Cooper_Car_Company
cooper-maserati,Cooper-Maserati,British,http://en.wikipedia.org/wiki/Cooper_Car_Company
tomaso,De Tomaso,Italian,http://en.wikipedia.org/wiki/De_Tomaso
de_tomaso-ferrari,De Tomaso-Ferrari,Italian,http://en.wikipedia.org/wiki/De_Tomaso
ferrari,Ferrari,Italian,http://en.wikipedia.org/wiki/Scuderia_Ferrari
gilby,Gilby,British,http://en.wikipedia.org/wiki/Gilby
lds,LDS,South African,http://en.wikipedia.org/wiki/LDS_(automobile)
lola,Lola,British,http://en.wikipedia.org/wiki/MasterCard_Lola
lotus-borgward,Lotus-Borgward,British,http://en.wikipedia.org/wiki/Team_Lotus
lotus-brm,Lotus-BRM,British,http://en.wikipedia.org/wiki/Team_Lotus
lotus-climax,Lotus-Climax,British,http://en.wikipedia.org/wiki/Team_Lotus
lotus-ford,Lotus-Ford,British,http://en.wikipedia.org/wiki/Team_Lotus
lotus-maserati,Lotus-Maserati,British,http://en.wikipedia.org/wiki/Team_Lotus
porsche,Porsche,German,http://en.wikipedia.org/wiki/Porsche_in_Formula_One
scirocco,Scirocco,British,http://en.wikipedia.org/wiki/Scirocco-Powell
stebro,Stebro,Canadian,http://en.wikipedia.org/wiki/Stebro
team_lotus,Team Lotus,British,http://en.wikipedia.org/wiki/Team_Lotus
brabham-brm,Brabham-BRM,British,http://en.wikipedia.org/wiki/Brabham
brabham-climax,Brabham-Climax,British,http://en.wikipedia.org/wiki/Brabham
brabham-ford,Brabham-Ford,British,http://en.wikipedia.org/wiki/Brabham
brm,BRM,British,http://en.wikipedia.org/wiki/BRM
brp,BRP,British,http://en.wikipedia.org/wiki/British_Racing_Partnership
cooper-climax,Cooper-Climax,British,http://en.wikipedia.org/wiki/Cooper_Car_Company
derrington,Derrington,British,http://en.wikipedia.org/wiki/Derrington-Francis
ferrari,Ferrari,Italian,http://en.wikipedia.org/wiki/Scuderia_Ferrari
honda,Honda,Japanese,http://en.wikipedia.org/wiki/Honda_Racing_F1
lotus-brm,Lotus-BRM,British,http://en.wikipedia.org/wiki/Team_Lotus
lotus-climax,Lotus-Climax,British,http://en.wikipedia.org/wiki/Team_Lotus
porsche,Porsche,German,http://en.wikipedia.org/wiki/Porsche_in_Formula_One
scirocco,Scirocco,British,http://en.wikipedia.org/wiki/Scirocco-Powell
alfa,Alfa Romeo,Swiss,http://en.wikipedia.org/wiki/Alfa_Romeo_in_Formula_One
brabham-brm,Brabham-BRM,British,http://en.wikipedia.org/wiki/Brabham
brabham-climax,Brabham-Climax,British,http://en.wikipedia.org/wiki/Brabham
brabham-ford,Brabham-Ford,British,http://en.wikipedia.org/wiki/Brabham
brm,BRM,British,http://en.wikipedia.org/wiki/BRM
cooper-climax,Cooper-Climax,British,http://en.wikipedia.org/wiki/Cooper_Car_Company
cooper-ford,Cooper-Ford,British,http://en.wikipedia.org/wiki/Cooper_Car_Company
cooper-maserati,Cooper-Maserati,British,http://en.wikipedia.org/wiki/Cooper_Car_Company
ferrari,Ferrari,Italian,http://en.wikipedia.org/wiki/Scuderia_Ferrari
honda,Honda,Japanese,http://en.wikipedia.org/wiki/Honda_Racing_F1
lds-alfa_romeo,LDS-Alfa Romeo,South African,http://en.wikipedia.org/wiki/LDS_(automobile)
lds-climax,LDS-Climax,South African,http://en.wikipedia.org/wiki/LDS_(automobile)
lotus-brm,Lotus-BRM,British,http://en.wikipedia.org/wiki/Team_Lotus
lotus-climax,Lotus-Climax,British,http://en.wikipedia.org/wiki/Team_Lotus
lotus-ford,Lotus-Ford,British,http://en.wikipedia.org/wiki/Team_Lotus
re,RE,Rhodesian,http://en.wikipedia.org/wiki/RE_%28automobile%29
brabham-brm,Brabham-BRM,British,http://en.wikipedia.org/wiki/Brabham
brabham-climax,Brabham-Climax,British,http://en.wikipedia.org/wiki/Brabham
brabham-repco,Brabham-Repco,British,http://en.wikipedia.org/wiki/Brabham
brm,BRM,British,http://en.wikipedia.org/wiki/BRM
cooper-ferrari,Cooper-Ferrari,British,http://en.wikipedia.org/wiki/Cooper_Car_Company
cooper-maserati,Cooper-Maserati,British,http://en.wikipedia.org/wiki/Cooper_Car_Company
eagle-climax,Eagle-Climax,American,http://en.wikipedia.org/wiki/Anglo_American_Racers
eagle-weslake,Eagle-Weslake,American,http://en.wikipedia.org/wiki/Anglo_American_Racers
ferrari,Ferrari,Italian,http://en.wikipedia.org/wiki/Scuderia_Ferrari
honda,Honda,Japanese,http://en.wikipedia.org/wiki/Honda_Racing_F1
lotus-brm,Lotus-BRM,British,http://en.wikipedia.org/wiki/Team_Lotus
lotus-climax,Lotus-Climax,British,http://en.wikipedia.org/wiki/Team_Lotus
mclaren-ford,McLaren-Ford,British,http://en.wikipedia.org/wiki/Team_McLaren
mclaren-seren,McLaren-Serenissima,British,http://en.wikipedia.org/wiki/Team_McLaren
shannon,Shannon,British,http://en.wikipedia.org/wiki/Shannon_(Formula_One)
brabham-climax,Brabham-Climax,British,http://en.wikipedia.org/wiki/Brabham
brabham-ford,Brabham-Ford,British,http://en.wikipedia.org/wiki/Brabham
brabham-repco,Brabham-Repco,British,http://en.wikipedia.org/wiki/Brabham
brm,BRM,British,http://en.wikipedia.org/wiki/BRM
cooper-ats,Cooper-ATS,British,http://en.wikipedia.org/wiki/Cooper_Car_Company
cooper-climax,Cooper-Climax,British,http://en.wikipedia.org/wiki/Cooper_Car_Company
cooper-maserati,Cooper-Maserati,British,http://en.wikipedia.org/wiki/Cooper_Car_Company
eagle-climax,Eagle-Climax,American,http://en.wikipedia.org/wiki/Anglo_American_Racers
eagle-weslake,Eagle-Weslake,American,http://en.wikipedia.org/wiki/Anglo_American_Racers
ferrari,Ferrari,Italian,http://en.wikipedia.org/wiki/Scuderia_Ferrari
honda,Honda,Japanese,http://en.wikipedia.org/wiki/Honda_Racing_F1
lds-climax,LDS-Climax,South African,http://en.wikipedia.org/wiki/LDS_(automobile)
lola,Lola,British,http://en.wikipedia.org/wiki/MasterCard_Lola
lotus-brm,Lotus-BRM,British,http://en.wikipedia.org/wiki/Team_Lotus
lotus-climax,Lotus-Climax,British,http://en.wikipedia.org/wiki/Team_Lotus
lotus-ford,Lotus-Ford,British,http://en.wikipedia.org/wiki/Team_Lotus
matra,Matra,French,http://en.wikipedia.org/wiki/Matra
mclaren-brm,McLaren-BRM,British,http://en.wikipedia.org/wiki/McLaren_(racing)
mclaren-ford,McLaren-Ford,British,http://en.wikipedia.org/wiki/Team_McLaren
protos,Protos,British,http://en.wikipedia.org/wiki/Protos_(constructor)
brabham-climax,Brabham-Climax,British,http://en.wikipedia.org/wiki/Brabham
brabham-repco,Brabham-Repco,British,http://en.wikipedia.org/wiki/Brabham
brm,BRM,British,http://en.wikipedia.org/wiki/BRM
cooper-brm,Cooper-BRM,British,http://en.wikipedia.org/wiki/Cooper_Car_Company
cooper-climax,Cooper-Climax,British,http://en.wikipedia.org/wiki/Cooper_Car_Company
cooper-maserati,Cooper-Maserati,British,http://en.wikipedia.org/wiki/Cooper_Car_Company
eagle-weslake,Eagle-Weslake,American,http://en.wikipedia.org/wiki/Anglo_American_Racers
ferrari,Ferrari,Italian,http://en.wikipedia.org/wiki/Scuderia_Ferrari
honda,Honda,Japanese,http://en.wikipedia.org/wiki/Honda_Racing_F1
lds,LDS,South African,http://en.wikipedia.org/wiki/LDS_(automobile)
lola,Lola,British,http://en.wikipedia.org/wiki/MasterCard_Lola
lotus-ford,Lotus-Ford,British,http://en.wikipedia.org/wiki/Team_Lotus
matra,Matra,French,http://en.wikipedia.org/wiki/Matra
matra-ford,Matra-Ford,French,http://en.wikipedia.org/wiki/Matra
mclaren,McLaren,British,http://en.wikipedia.org/wiki/McLaren
mclaren-brm,McLaren-BRM,British,http://en.wikipedia.org/wiki/McLaren_(racing)
mclaren-ford,McLaren-Ford,British,http://en.wikipedia.org/wiki/Team_McLaren
brabham-climax,Brabham-Climax,British,http://en.wikipedia.org/wiki/Brabham
brabham-ford,Brabham-Ford,British,http://en.wikipedia.org/wiki/Brabham
brabham-repco,Brabham-Repco,British,http://en.wikipedia.org/wiki/Brabham
brm,BRM,British,http://en.wikipedia.org/wiki/BRM
brm-ford,BRM-Ford,British,http://en.wikipedia.org/wiki/BRM
cooper-maserati,Cooper-Maserati,British,http://en.wikipedia.org/wiki/Cooper_Car_Company
eagle-climax,Eagle-Climax,American,http://en.wikipedia.org/wiki/Anglo_American_Racers
ferrari,Ferrari,Italian,http://en.wikipedia.org/wiki/Scuderia_Ferrari
lotus-ford,Lotus-Ford,British,http://en.wikipedia.org/wiki/Team_Lotus
matra-ford,Matra-Ford,French,http://en.wikipedia.org/wiki/Matra
mclaren-ford,McLaren-Ford,British,http://en.wikipedia.org/wiki/Team_McLaren
bellasi,Bellasi,Swiss,http://en.wikipedia.org/wiki/Bellasi
brabham,Brabham,British,http://en.wikipedia.org/wiki/Brabham
brm,BRM,British,http://en.wikipedia.org/wiki/BRM
tomaso,De Tomaso,Italian,http://en.wikipedia.org/wiki/De_Tomaso
ferrari,Ferrari,Italian,http://en.wikipedia.org/wiki/Scuderia_Ferrari
march,March,British,http://en.wikipedia.org/wiki/March_Engineering
matra,Matra,French,http://en.wikipedia.org/wiki/Matra
mclaren-alfa_romeo,McLaren-Alfa Romeo,British,http://en.wikipedia.org/wiki/McLaren_(racing)
mclaren-ford,McLaren-Ford,British,http://en.wikipedia.org/wiki/Team_McLaren
surtees,Surtees,British,http://en.wikipedia.org/wiki/Surtees
team_lotus,Team Lotus,British,http://en.wikipedia.org/wiki/Team_Lotus
tyrrell,Tyrrell,British,http://en.wikipedia.org/wiki/Tyrrell_Racing
bellasi,Bellasi,Swiss,http://en.wikipedia.org/wiki/Bellasi
brabham,Brabham,British,http://en.wikipedia.org/wiki/Brabham
brm,BRM,British,http://en.wikipedia.org/wiki/BRM
ferrari,Ferrari,Italian,http://en.wikipedia.org/wiki/Scuderia_Ferrari
lotus-ford,Lotus-Ford,British,http://en.wikipedia.org/wiki/Team_Lotus
lotus-pw,Lotus-Pratt &amp; Whitney,British,http://en.wikipedia.org/wiki/Team_Lotus
march-alfa_romeo,March-Alfa Romeo,British,http://en.wikipedia.org/wiki/March_Engineering
march-ford,March-Ford,British,http://en.wikipedia.org/wiki/March_Engineering
matra,Matra,French,http://en.wikipedia.org/wiki/Matra
mclaren,McLaren,British,http://en.wikipedia.org/wiki/McLaren
surtees,Surtees,British,http://en.wikipedia.org/wiki/Surtees
tyrrell,Tyrrell,British,http://en.wikipedia.org/wiki/Tyrrell_Racing
brabham,Brabham,British,http://en.wikipedia.org/wiki/Brabham
brm,BRM,British,http://en.wikipedia.org/wiki/BRM
connew,Connew,British,http://en.wikipedia.org/wiki/Connew
ferrari,Ferrari,Italian,http://en.wikipedia.org/wiki/Scuderia_Ferrari
march,March,British,http://en.wikipedia.org/wiki/March_Engineering
matra,Matra,French,http://en.wikipedia.org/wiki/Matra
mclaren,McLaren,British,http://en.wikipedia.org/wiki/McLaren
politoys,Politoys,British,http://en.wikipedia.org/wiki/Frank_Williams_Racing_Cars
surtees,Surtees,British,http://en.wikipedia.org/wiki/Surtees
team_lotus,Team Lotus,British,http://en.wikipedia.org/wiki/Team_Lotus
tecno,Tecno,Italian,http://en.wikipedia.org/wiki/Tecno
tyrrell,Tyrrell,British,http://en.wikipedia.org/wiki/Tyrrell_Racing
brabham,Brabham,British,http://en.wikipedia.org/wiki/Brabham
brm,BRM,British,http://en.wikipedia.org/wiki/BRM
ensign,Ensign,British,http://en.wikipedia.org/wiki/Ensign_%28racing_team%29
ferrari,Ferrari,Italian,http://en.wikipedia.org/wiki/Scuderia_Ferrari
iso_marlboro,Iso Marlboro,British,http://en.wikipedia.org/wiki/Iso_Marlboro
march,March,British,http://en.wikipedia.org/wiki/March_Engineering
mclaren,McLaren,British,http://en.wikipedia.org/wiki/McLaren
shadow,Shadow,British,http://en.wikipedia.org/wiki/Shadow_Racing_Cars
surtees,Surtees,British,http://en.wikipedia.org/wiki/Surtees
team_lotus,Team Lotus,British,http://en.wikipedia.org/wiki/Team_Lotus
tecno,Tecno,Italian,http://en.wikipedia.org/wiki/Tecno
tyrrell,Tyrrell,British,http://en.wikipedia.org/wiki/Tyrrell_Racing
amon,Amon,New Zealander,http://en.wikipedia.org/wiki/Amon_(Formula_One_team)
brabham,Brabham,British,http://en.wikipedia.org/wiki/Brabham
brm,BRM,British,http://en.wikipedia.org/wiki/BRM
ensign,Ensign,British,http://en.wikipedia.org/wiki/Ensign_%28racing_team%29
ferrari,Ferrari,Italian,http://en.wikipedia.org/wiki/Scuderia_Ferrari
hesketh,Hesketh,British,http://en.wikipedia.org/wiki/Hesketh_Racing
iso_marlboro,Iso Marlboro,British,http://en.wikipedia.org/wiki/Iso_Marlboro
lola,Lola,British,http://en.wikipedia.org/wiki/MasterCard_Lola
lyncar,Lyncar,British,http://en.wikipedia.org/wiki/Lyncar
maki,Maki,Japanese,http://en.wikipedia.org/wiki/Maki_(cars)
march,March,British,http://en.wikipedia.org/wiki/March_Engineering
mclaren,McLaren,British,http://en.wikipedia.org/wiki/McLaren
parnelli,Parnelli,American,http://en.wikipedia.org/wiki/Parnelli
penske,Penske,American,http://en.wikipedia.org/wiki/Penske_Racing
shadow,Shadow,British,http://en.wikipedia.org/wiki/Shadow_Racing_Cars
surtees,Surtees,British,http://en.wikipedia.org/wiki/Surtees
team_lotus,Team Lotus,British,http://en.wikipedia.org/wiki/Team_Lotus
token,Token,British,http://en.wikipedia.org/wiki/Token_(Racing_team)
trojan,Trojan,British,http://en.wikipedia.org/wiki/Trojan_(Racing_team)
tyrrell,Tyrrell,British,http://en.wikipedia.org/wiki/Tyrrell_Racing
brabham,Brabham,British,http://en.wikipedia.org/wiki/Brabham
brm,BRM,British,http://en.wikipedia.org/wiki/BRM
hill,Embassy Hill,British,http://en.wikipedia.org/wiki/Hill_(constructor)
ensign,Ensign,British,http://en.wikipedia.org/wiki/Ensign_%28racing_team%29
ferrari,Ferrari,Italian,http://en.wikipedia.org/wiki/Scuderia_Ferrari
fittipaldi,Fittipaldi,Brazilian,http://en.wikipedia.org/wiki/Fittipaldi_%28constructor%29
hesketh,Hesketh,British,http://en.wikipedia.org/wiki/Hesketh_Racing
lola,Lola,British,http://en.wikipedia.org/wiki/MasterCard_Lola
lyncar,Lyncar,British,http://en.wikipedia.org/wiki/Lyncar
maki,Maki,Japanese,http://en.wikipedia.org/wiki/Maki_(cars)
march,March,British,http://en.wikipedia.org/wiki/March_Engineering
mclaren,McLaren,British,http://en.wikipedia.org/wiki/McLaren
parnelli,Parnelli,American,http://en.wikipedia.org/wiki/Parnelli
penske,Penske,American,http://en.wikipedia.org/wiki/Penske_Racing
shadow-ford,Shadow-Ford,British,http://en.wikipedia.org/wiki/Shadow_Racing_Cars
shadow-matra,Shadow-Matra,British,http://en.wikipedia.org/wiki/Shadow_Racing_Cars
surtees,Surtees,British,http://en.wikipedia.org/wiki/Surtees
team_lotus,Team Lotus,British,http://en.wikipedia.org/wiki/Team_Lotus
tyrrell,Tyrrell,British,http://en.wikipedia.org/wiki/Tyrrell_Racing
williams,Williams,British,http://en.wikipedia.org/wiki/Williams_Grand_Prix_Engineering
boro,Boro,Dutch,http://en.wikipedia.org/wiki/Boro_(Formula_One)
brabham-alfa_romeo,Brabham-Alfa Romeo,British,http://en.wikipedia.org/wiki/Brabham
brabham-ford,Brabham-Ford,British,http://en.wikipedia.org/wiki/Brabham
brm,BRM,British,http://en.wikipedia.org/wiki/BRM
ensign,Ensign,British,http://en.wikipedia.org/wiki/Ensign_%28racing_team%29
ferrari,Ferrari,Italian,http://en.wikipedia.org/wiki/Scuderia_Ferrari
fittipaldi,Fittipaldi,Brazilian,http://en.wikipedia.org/wiki/Fittipaldi_%28constructor%29
hesketh,Hesketh,British,http://en.wikipedia.org/wiki/Hesketh_Racing
kojima,Kojima,Japanese,http://en.wikipedia.org/wiki/Kojima_Engineering
ligier,Ligier,French,http://en.wikipedia.org/wiki/Ligier
maki,Maki,Japanese,http://en.wikipedia.org/wiki/Maki_(cars)
march,March,British,http://en.wikipedia.org/wiki/March_Engineering
mclaren,McLaren,British,http://en.wikipedia.org/wiki/McLaren
parnelli,Parnelli,American,http://en.wikipedia.org/wiki/Parnelli
penske,Penske,American,http://en.wikipedia.org/wiki/Penske_Racing
shadow,Shadow,British,http://en.wikipedia.org/wiki/Shadow_Racing_Cars
surtees,Surtees,British,http://en.wikipedia.org/wiki/Surtees
team_lotus,Team Lotus,British,http://en.wikipedia.org/wiki/Team_Lotus
tyrrell,Tyrrell,British,http://en.wikipedia.org/wiki/Tyrrell_Racing
williams,Williams,British,http://en.wikipedia.org/wiki/Williams_Grand_Prix_Engineering
wolf,Wolf,Canadian,http://en.wikipedia.org/wiki/Walter_Wolf_Racing
apollon,Apollon,Swiss,http://en.wikipedia.org/wiki/Apollon_(Formula_One)
boro,Boro,Dutch,http://en.wikipedia.org/wiki/Boro_(Formula_One)
brabham,Brabham,British,http://en.wikipedia.org/wiki/Brabham
brm,BRM,British,http://en.wikipedia.org/wiki/BRM
ensign,Ensign,British,http://en.wikipedia.org/wiki/Ensign_%28racing_team%29
ferrari,Ferrari,Italian,http://en.wikipedia.org/wiki/Scuderia_Ferrari
fittipaldi,Fittipaldi,Brazilian,http://en.wikipedia.org/wiki/Fittipaldi_%28constructor%29
hesketh,Hesketh,British,http://en.wikipedia.org/wiki/Hesketh_Racing
kojima,Kojima,Japanese,http://en.wikipedia.org/wiki/Kojima_Engineering
lec,LEC,British,http://en.wikipedia.org/wiki/LEC_(Formula_One)
ligier,Ligier,French,http://en.wikipedia.org/wiki/Ligier
march,March,British,http://en.wikipedia.org/wiki/March_Engineering
mcguire,McGuire,Australian,http://en.wikipedia.org/wiki/McGuire_(Formula_One)
mclaren,McLaren,British,http://en.wikipedia.org/wiki/McLaren
penske,Penske,American,http://en.wikipedia.org/wiki/Penske_Racing
renault,Renault,French,http://en.wikipedia.org/wiki/Renault_in_Formula_One
shadow,Shadow,British,http://en.wikipedia.org/wiki/Shadow_Racing_Cars
surtees,Surtees,British,http://en.wikipedia.org/wiki/Surtees
team_lotus,Team Lotus,British,http://en.wikipedia.org/wiki/Team_Lotus
tyrrell,Tyrrell,British,http://en.wikipedia.org/wiki/Tyrrell_Racing
wolf,Wolf,Canadian,http://en.wikipedia.org/wiki/Walter_Wolf_Racing
arrows,Arrows,British,http://en.wikipedia.org/wiki/Arrows_Grand_Prix_International
ats,ATS,Italian,http://en.wikipedia.org/wiki/ATS_(wheels)
brabham,Brabham,British,http://en.wikipedia.org/wiki/Brabham
ensign,Ensign,British,http://en.wikipedia.org/wiki/Ensign_%28racing_team%29
ferrari,Ferrari,Italian,http://en.wikipedia.org/wiki/Scuderia_Ferrari
fittipaldi,Fittipaldi,Brazilian,http://en.wikipedia.org/wiki/Fittipaldi_%28constructor%29
hesketh,Hesketh,British,http://en.wikipedia.org/wiki/Hesketh_Racing
ligier,Ligier,French,http://en.wikipedia.org/wiki/Ligier
martini,Martini,French,http://en.wikipedia.org/wiki/Martini_(cars)
mclaren,McLaren,British,http://en.wikipedia.org/wiki/McLaren
merzario,Merzario,Italian,http://en.wikipedia.org/wiki/Merzario
renault,Renault,French,http://en.wikipedia.org/wiki/Renault_in_Formula_One
shadow,Shadow,British,http://en.wikipedia.org/wiki/Shadow_Racing_Cars
surtees,Surtees,British,http://en.wikipedia.org/wiki/Surtees
team_lotus,Team Lotus,British,http://en.wikipedia.org/wiki/Team_Lotus
theodore,Theodore,Hong Kong,http://en.wikipedia.org/wiki/Theodore_Racing
tyrrell,Tyrrell,British,http://en.wikipedia.org/wiki/Tyrrell_Racing
williams,Williams,British,http://en.wikipedia.org/wiki/Williams_Grand_Prix_Engineering
wolf,Wolf,Canadian,http://en.wikipedia.org/wiki/Walter_Wolf_Racing
alfa,Alfa Romeo,Swiss,http://en.wikipedia.org/wiki/Alfa_Romeo_in_Formula_One
arrows,Arrows,British,http://en.wikipedia.org/wiki/Arrows_Grand_Prix_International
ats,ATS,Italian,http://en.wikipedia.org/wiki/ATS_(wheels)
brabham-alfa_romeo,Brabham-Alfa Romeo,British,http://en.wikipedia.org/wiki/Brabham
brabham-ford,Brabham-Ford,British,http://en.wikipedia.org/wiki/Brabham
ensign,Ensign,British,http://en.wikipedia.org/wiki/Ensign_%28racing_team%29
ferrari,Ferrari,Italian,http://en.wikipedia.org/wiki/Scuderia_Ferrari
fittipaldi,Fittipaldi,Brazilian,http://en.wikipedia.org/wiki/Fittipaldi_%28constructor%29
kauhsen,Kauhsen,German,http://en.wikipedia.org/wiki/Kauhsen
ligier,Ligier,French,http://en.wikipedia.org/wiki/Ligier
mclaren,McLaren,British,http://en.wikipedia.org/wiki/McLaren
merzario,Merzario,Italian,http://en.wikipedia.org/wiki/Merzario
rebaque,Rebaque,Mexican,http://en.wikipedia.org/wiki/Rebaque
renault,Renault,French,http://en.wikipedia.org/wiki/Renault_in_Formula_One
shadow,Shadow,British,http://en.wikipedia.org/wiki/Shadow_Racing_Cars
team_lotus,Team Lotus,British,http://en.wikipedia.org/wiki/Team_Lotus
tyrrell,Tyrrell,British,http://en.wikipedia.org/wiki/Tyrrell_Racing
williams,Williams,British,http://en.wikipedia.org/wiki/Williams_Grand_Prix_Engineering
wolf,Wolf,Canadian,http://en.wikipedia.org/wiki/Walter_Wolf_Racing
alfa,Alfa Romeo,Swiss,http://en.wikipedia.org/wiki/Alfa_Romeo_in_Formula_One
arrows,Arrows,British,http://en.wikipedia.org/wiki/Arrows_Grand_Prix_International
ats,ATS,Italian,http://en.wikipedia.org/wiki/ATS_(wheels)
brabham,Brabham,British,http://en.wikipedia.org/wiki/Brabham
ensign,Ensign,British,http://en.wikipedia.org/wiki/Ensign_%28racing_team%29
ferrari,Ferrari,Italian,http://en.wikipedia.org/wiki/Scuderia_Ferrari
fittipaldi,Fittipaldi,Brazilian,http://en.wikipedia.org/wiki/Fittipaldi_%28constructor%29
ligier,Ligier,French,http://en.wikipedia.org/wiki/Ligier
mclaren,McLaren,British,http://en.wikipedia.org/wiki/McLaren
osella,Osella,Italian,http://en.wikipedia.org/wiki/Osella
renault,Renault,French,http://en.wikipedia.org/wiki/Renault_in_Formula_One
shadow,Shadow,British,http://en.wikipedia.org/wiki/Shadow_Racing_Cars
team_lotus,Team Lotus,British,http://en.wikipedia.org/wiki/Team_Lotus
tyrrell,Tyrrell,British,http://en.wikipedia.org/wiki/Tyrrell_Racing
williams,Williams,British,http://en.wikipedia.org/wiki/Williams_Grand_Prix_Engineering
alfa,Alfa Romeo,Swiss,http://en.wikipedia.org/wiki/Alfa_Romeo_in_Formula_One
arrows,Arrows,British,http://en.wikipedia.org/wiki/Arrows_Grand_Prix_International
ats,ATS,Italian,http://en.wikipedia.org/wiki/ATS_(wheels)
brabham,Brabham,British,http://en.wikipedia.org/wiki/Brabham
ensign,Ensign,British,http://en.wikipedia.org/wiki/Ensign_%28racing_team%29
ferrari,Ferrari,Italian,http://en.wikipedia.org/wiki/Scuderia_Ferrari
fittipaldi,Fittipaldi,Brazilian,http://en.wikipedia.org/wiki/Fittipaldi_%28constructor%29
ligier,Ligier,French,http://en.wikipedia.org/wiki/Ligier
march,March,British,http://en.wikipedia.org/wiki/March_Engineering
mclaren,McLaren,British,http://en.wikipedia.org/wiki/McLaren
osella,Osella,Italian,http://en.wikipedia.org/wiki/Osella
renault,Renault,French,http://en.wikipedia.org/wiki/Renault_in_Formula_One
team_lotus,Team Lotus,British,http://en.wikipedia.org/wiki/Team_Lotus
theodore,Theodore,Hong Kong,http://en.wikipedia.org/wiki/Theodore_Racing
toleman,Toleman,British,http://en.wikipedia.org/wiki/Toleman
tyrrell,Tyrrell,British,http://en.wikipedia.org/wiki/Tyrrell_Racing
williams,Williams,British,http://en.wikipedia.org/wiki/Williams_Grand_Prix_Engineering
alfa,Alfa Romeo,Swiss,http://en.wikipedia.org/wiki/Alfa_Romeo_in_Formula_One
arrows,Arrows,British,http://en.wikipedia.org/wiki/Arrows_Grand_Prix_International
ats,ATS,Italian,http://en.wikipedia.org/wiki/ATS_(wheels)
brabham,Brabham,British,http://en.wikipedia.org/wiki/Brabham
ensign,Ensign,British,http://en.wikipedia.org/wiki/Ensign_%28racing_team%29
ferrari,Ferrari,Italian,http://en.wikipedia.org/wiki/Scuderia_Ferrari
fittipaldi,Fittipaldi,Brazilian,http://en.wikipedia.org/wiki/Fittipaldi_%28constructor%29
ligier,Ligier,French,http://en.wikipedia.org/wiki/Ligier
march,March,British,http://en.wikipedia.org/wiki/March_Engineering
mclaren,McLaren,British,http://en.wikipedia.org/wiki/McLaren
osella,Osella,Italian,http://en.wikipedia.org/wiki/Osella
renault,Renault,French,http://en.wikipedia.org/wiki/Renault_in_Formula_One
team_lotus,Team Lotus,British,http://en.wikipedia.org/wiki/Team_Lotus
theodore,Theodore,Hong Kong,http://en.wikipedia.org/wiki/Theodore_Racing
toleman,Toleman,British,http://en.wikipedia.org/wiki/Toleman
tyrrell,Tyrrell,British,http://en.wikipedia.org/wiki/Tyrrell_Racing
williams,Williams,British,http://en.wikipedia.org/wiki/Williams_Grand_Prix_Engineering
alfa,Alfa Romeo,Swiss,http://en.wikipedia.org/wiki/Alfa_Romeo_in_Formula_One
arrows,Arrows,British,http://en.wikipedia.org/wiki/Arrows_Grand_Prix_International
ats,ATS,Italian,http://en.wikipedia.org/wiki/ATS_(wheels)
brabham,Brabham,British,http://en.wikipedia.org/wiki/Brabham
ferrari,Ferrari,Italian,http://en.wikipedia.org/wiki/Scuderia_Ferrari
ligier,Ligier,French,http://en.wikipedia.org/wiki/Ligier
mclaren,McLaren,British,http://en.wikipedia.org/wiki/McLaren
osella,Osella,Italian,http://en.wikipedia.org/wiki/Osella
ram,RAM,British,http://en.wikipedia.org/wiki/RAM_Racing
renault,Renault,French,http://en.wikipedia.org/wiki/Renault_in_Formula_One
spirit,Spirit,British,http://en.wikipedia.org/wiki/Spirit_(racing_team)
team_lotus,Team Lotus,British,http://en.wikipedia.org/wiki/Team_Lotus
theodore,Theodore,Hong Kong,http://en.wikipedia.org/wiki/Theodore_Racing
toleman,Toleman,British,http://en.wikipedia.org/wiki/Toleman
tyrrell,Tyrrell,British,http://en.wikipedia.org/wiki/Tyrrell_Racing
williams,Williams,British,http://en.wikipedia.org/wiki/Williams_Grand_Prix_Engineering
alfa,Alfa Romeo,Swiss,http://en.wikipedia.org/wiki/Alfa_Romeo_in_Formula_One
arrows,Arrows,British,http://en.wikipedia.org/wiki/Arrows_Grand_Prix_International
ats,ATS,Italian,http://en.wikipedia.org/wiki/ATS_(wheels)
brabham,Brabham,British,http://en.wikipedia.org/wiki/Brabham
ferrari,Ferrari,Italian,http://en.wikipedia.org/wiki/Scuderia_Ferrari
ligier,Ligier,French,http://en.wikipedia.org/wiki/Ligier
mclaren,McLaren,British,http://en.wikipedia.org/wiki/McLaren
osella,Osella,Italian,http://en.wikipedia.org/wiki/Osella
ram,RAM,British,http://en.wikipedia.org/wiki/RAM_Racing
renault,Renault,French,http://en.wikipedia.org/wiki/Renault_in_Formula_One
spirit,Spirit,British,http://en.wikipedia.org/wiki/Spirit_(racing_team)
team_lotus,Team Lotus,British,http://en.wikipedia.org/wiki/Team_Lotus
toleman,Toleman,British,http://en.wikipedia.org/wiki/Toleman
tyrrell,Tyrrell,British,http://en.wikipedia.org/wiki/Tyrrell_Racing
williams,Williams,British,http://en.wikipedia.org/wiki/Williams_Grand_Prix_Engineering
alfa,Alfa Romeo,Swiss,http://en.wikipedia.org/wiki/Alfa_Romeo_in_Formula_One
arrows,Arrows,British,http://en.wikipedia.org/wiki/Arrows_Grand_Prix_International
brabham,Brabham,British,http://en.wikipedia.org/wiki/Brabham
ferrari,Ferrari,Italian,http://en.wikipedia.org/wiki/Scuderia_Ferrari
ligier,Ligier,French,http://en.wikipedia.org/wiki/Ligier
lola,Lola,British,http://en.wikipedia.org/wiki/MasterCard_Lola
mclaren,McLaren,British,http://en.wikipedia.org/wiki/McLaren
minardi,Minardi,Italian,http://en.wikipedia.org/wiki/Minardi
osella,Osella,Italian,http://en.wikipedia.org/wiki/Osella
ram,RAM,British,http://en.wikipedia.org/wiki/RAM_Racing
renault,Renault,French,http://en.wikipedia.org/wiki/Renault_in_Formula_One
spirit,Spirit,British,http://en.wikipedia.org/wiki/Spirit_(racing_team)
team_lotus,Team Lotus,British,http://en.wikipedia.org/wiki/Team_Lotus
toleman,Toleman,British,http://en.wikipedia.org/wiki/Toleman
tyrrell,Tyrrell,British,http://en.wikipedia.org/wiki/Tyrrell_Racing
williams,Williams,British,http://en.wikipedia.org/wiki/Williams_Grand_Prix_Engineering
zakspeed,Zakspeed,German,http://en.wikipedia.org/wiki/Zakspeed
ags,AGS,French,http://en.wikipedia.org/wiki/Automobiles_Gonfaronnaises_Sportives
arrows,Arrows,British,http://en.wikipedia.org/wiki/Arrows_Grand_Prix_International
benetton,Benetton,Italian,http://en.wikipedia.org/wiki/Benetton_Formula
brabham,Brabham,British,http://en.wikipedia.org/wiki/Brabham
ferrari,Ferrari,Italian,http://en.wikipedia.org/wiki/Scuderia_Ferrari
ligier,Ligier,French,http://en.wikipedia.org/wiki/Ligier
lola,Lola,British,http://en.wikipedia.org/wiki/MasterCard_Lola
mclaren,McLaren,British,http://en.wikipedia.org/wiki/McLaren
minardi,Minardi,Italian,http://en.wikipedia.org/wiki/Minardi
osella,Osella,Italian,http://en.wikipedia.org/wiki/Osella
team_lotus,Team Lotus,British,http://en.wikipedia.org/wiki/Team_Lotus
tyrrell,Tyrrell,British,http://en.wikipedia.org/wiki/Tyrrell_Racing
williams,Williams,British,http://en.wikipedia.org/wiki/Williams_Grand_Prix_Engineering
zakspeed,Zakspeed,German,http://en.wikipedia.org/wiki/Zakspeed
ags,AGS,French,http://en.wikipedia.org/wiki/Automobiles_Gonfaronnaises_Sportives
arrows,Arrows,British,http://en.wikipedia.org/wiki/Arrows_Grand_Prix_International
benetton,Benetton,Italian,http://en.wikipedia.org/wiki/Benetton_Formula
brabham,Brabham,British,http://en.wikipedia.org/wiki/Brabham
coloni,Coloni,Italian,http://en.wikipedia.org/wiki/Enzo_Coloni_Racing_Car_Systems
ferrari,Ferrari,Italian,http://en.wikipedia.org/wiki/Scuderia_Ferrari
larrousse,Larrousse,French,http://en.wikipedia.org/wiki/Larrousse
ligier,Ligier,French,http://en.wikipedia.org/wiki/Ligier
march,March,British,http://en.wikipedia.org/wiki/March_Engineering
mclaren,McLaren,British,http://en.wikipedia.org/wiki/McLaren
minardi,Minardi,Italian,http://en.wikipedia.org/wiki/Minardi
osella,Osella,Italian,http://en.wikipedia.org/wiki/Osella
team_lotus,Team Lotus,British,http://en.wikipedia.org/wiki/Team_Lotus
tyrrell,Tyrrell,British,http://en.wikipedia.org/wiki/Tyrrell_Racing
williams,Williams,British,http://en.wikipedia.org/wiki/Williams_Grand_Prix_Engineering
zakspeed,Zakspeed,German,http://en.wikipedia.org/wiki/Zakspeed
ags,AGS,French,http://en.wikipedia.org/wiki/Automobiles_Gonfaronnaises_Sportives
arrows,Arrows,British,http://en.wikipedia.org/wiki/Arrows_Grand_Prix_International
benetton,Benetton,Italian,http://en.wikipedia.org/wiki/Benetton_Formula
coloni,Coloni,Italian,http://en.wikipedia.org/wiki/Enzo_Coloni_Racing_Car_Systems
dallara,Dallara,Italian,http://en.wikipedia.org/wiki/Dallara
eurobrun,Euro Brun,Italian,http://en.wikipedia.org/wiki/Euro_Brun
ferrari,Ferrari,Italian,http://en.wikipedia.org/wiki/Scuderia_Ferrari
larrousse,Larrousse,French,http://en.wikipedia.org/wiki/Larrousse
ligier,Ligier,French,http://en.wikipedia.org/wiki/Ligier
march,March,British,http://en.wikipedia.org/wiki/March_Engineering
mclaren,McLaren,British,http://en.wikipedia.org/wiki/McLaren
minardi,Minardi,Italian,http://en.wikipedia.org/wiki/Minardi
osella,Osella,Italian,http://en.wikipedia.org/wiki/Osella
rial,Rial,German,http://en.wikipedia.org/wiki/Rial_%28racing_team%29
team_lotus,Team Lotus,British,http://en.wikipedia.org/wiki/Team_Lotus
tyrrell,Tyrrell,British,http://en.wikipedia.org/wiki/Tyrrell_Racing
williams,Williams,British,http://en.wikipedia.org/wiki/Williams_Grand_Prix_Engineering
zakspeed,Zakspeed,German,http://en.wikipedia.org/wiki/Zakspeed
ags,AGS,French,http://en.wikipedia.org/wiki/Automobiles_Gonfaronnaises_Sportives
arrows,Arrows,British,http://en.wikipedia.org/wiki/Arrows_Grand_Prix_International
benetton,Benetton,Italian,http://en.wikipedia.org/wiki/Benetton_Formula
brabham,Brabham,British,http://en.wikipedia.org/wiki/Brabham
coloni,Coloni,Italian,http://en.wikipedia.org/wiki/Enzo_Coloni_Racing_Car_Systems
dallara,Dallara,Italian,http://en.wikipedia.org/wiki/Dallara
eurobrun,Euro Brun,Italian,http://en.wikipedia.org/wiki/Euro_Brun
ferrari,Ferrari,Italian,http://en.wikipedia.org/wiki/Scuderia_Ferrari
larrousse,Larrousse,French,http://en.wikipedia.org/wiki/Larrousse
ligier,Ligier,French,http://en.wikipedia.org/wiki/Ligier
march,March,British,http://en.wikipedia.org/wiki/March_Engineering
mclaren,McLaren,British,http://en.wikipedia.org/wiki/McLaren
minardi,Minardi,Italian,http://en.wikipedia.org/wiki/Minardi
onyx,Onyx,British,http://en.wikipedia.org/wiki/Onyx_(racing_team)
osella,Osella,Italian,http://en.wikipedia.org/wiki/Osella
rial,Rial,German,http://en.wikipedia.org/wiki/Rial_%28racing_team%29
team_lotus,Team Lotus,British,http://en.wikipedia.org/wiki/Team_Lotus
tyrrell,Tyrrell,British,http://en.wikipedia.org/wiki/Tyrrell_Racing
williams,Williams,British,http://en.wikipedia.org/wiki/Williams_Grand_Prix_Engineering
zakspeed,Zakspeed,German,http://en.wikipedia.org/wiki/Zakspeed
ags,AGS,French,http://en.wikipedia.org/wiki/Automobiles_Gonfaronnaises_Sportives
arrows,Arrows,British,http://en.wikipedia.org/wiki/Arrows_Grand_Prix_International
benetton,Benetton,Italian,http://en.wikipedia.org/wiki/Benetton_Formula
brabham,Brabham,British,http://en.wikipedia.org/wiki/Brabham
coloni,Coloni,Italian,http://en.wikipedia.org/wiki/Enzo_Coloni_Racing_Car_Systems
dallara,Dallara,Italian,http://en.wikipedia.org/wiki/Dallara
eurobrun,Euro Brun,Italian,http://en.wikipedia.org/wiki/Euro_Brun
ferrari,Ferrari,Italian,http://en.wikipedia.org/wiki/Scuderia_Ferrari
larrousse,Larrousse,French,http://en.wikipedia.org/wiki/Larrousse
leyton,Leyton House,British,http://en.wikipedia.org/wiki/Leyton_House
life,Life,Italian,http://en.wikipedia.org/wiki/Life_(Racing_Team)
ligier,Ligier,French,http://en.wikipedia.org/wiki/Ligier
mclaren,McLaren,British,http://en.wikipedia.org/wiki/McLaren
minardi,Minardi,Italian,http://en.wikipedia.org/wiki/Minardi
onyx,Onyx,British,http://en.wikipedia.org/wiki/Onyx_(racing_team)
osella,Osella,Italian,http://en.wikipedia.org/wiki/Osella
team_lotus,Team Lotus,British,http://en.wikipedia.org/wiki/Team_Lotus
tyrrell,Tyrrell,British,http://en.wikipedia.org/wiki/Tyrrell_Racing
williams,Williams,British,http://en.wikipedia.org/wiki/Williams_Grand_Prix_Engineering
ags,AGS,French,http://en.wikipedia.org/wiki/Automobiles_Gonfaronnaises_Sportives
benetton,Benetton,Italian,http://en.wikipedia.org/wiki/Benetton_Formula
brabham,Brabham,British,http://en.wikipedia.org/wiki/Brabham
coloni,Coloni,Italian,http://en.wikipedia.org/wiki/Enzo_Coloni_Racing_Car_Systems
dallara,Dallara,Italian,http://en.wikipedia.org/wiki/Dallara
ferrari,Ferrari,Italian,http://en.wikipedia.org/wiki/Scuderia_Ferrari
fondmetal,Fondmetal,Italian,http://en.wikipedia.org/wiki/Fondmetal
footwork,Footwork,British,http://en.wikipedia.org/wiki/Footwork_Arrows
jordan,Jordan,Irish,http://en.wikipedia.org/wiki/Jordan_Grand_Prix
lambo,Lambo,Italian,http://en.wikipedia.org/wiki/Modena_(racing_team)
larrousse,Larrousse,French,http://en.wikipedia.org/wiki/Larrousse
leyton,Leyton House,British,http://en.wikipedia.org/wiki/Leyton_House
ligier,Ligier,French,http://en.wikipedia.org/wiki/Ligier
lola,Lola,British,http://en.wikipedia.org/wiki/MasterCard_Lola
mclaren,McLaren,British,http://en.wikipedia.org/wiki/McLaren
minardi,Minardi,Italian,http://en.wikipedia.org/wiki/Minardi
team_lotus,Team Lotus,British,http://en.wikipedia.org/wiki/Team_Lotus
tyrrell,Tyrrell,British,http://en.wikipedia.org/wiki/Tyrrell_Racing
williams,Williams,British,http://en.wikipedia.org/wiki/Williams_Grand_Prix_Engineering
moda,Andrea Moda,Italian,http://en.wikipedia.org/wiki/Andrea_Moda_Formula
benetton,Benetton,Italian,http://en.wikipedia.org/wiki/Benetton_Formula
brabham,Brabham,British,http://en.wikipedia.org/wiki/Brabham
dallara,Dallara,Italian,http://en.wikipedia.org/wiki/Dallara
ferrari,Ferrari,Italian,http://en.wikipedia.org/wiki/Scuderia_Ferrari
fondmetal,Fondmetal,Italian,http://en.wikipedia.org/wiki/Fondmetal
footwork,Footwork,British,http://en.wikipedia.org/wiki/Footwork_Arrows
jordan,Jordan,Irish,http://en.wikipedia.org/wiki/Jordan_Grand_Prix
larrousse,Larrousse,French,http://en.wikipedia.org/wiki/Larrousse
ligier,Ligier,French,http://en.wikipedia.org/wiki/Ligier
march,March,British,http://en.wikipedia.org/wiki/March_Engineering
mclaren,McLaren,British,http://en.wikipedia.org/wiki/McLaren
minardi,Minardi,Italian,http://en.wikipedia.org/wiki/Minardi
team_lotus,Team Lotus,British,http://en.wikipedia.org/wiki/Team_Lotus
tyrrell,Tyrrell,British,http://en.wikipedia.org/wiki/Tyrrell_Racing
williams,Williams,British,http://en.wikipedia.org/wiki/Williams_Grand_Prix_Engineering
benetton,Benetton,Italian,http://en.wikipedia.org/wiki/Benetton_Formula
ferrari,Ferrari,Italian,http://en.wikipedia.org/wiki/Scuderia_Ferrari
footwork,Footwork,British,http://en.wikipedia.org/wiki/Footwork_Arrows
jordan,Jordan,Irish,http://en.wikipedia.org/wiki/Jordan_Grand_Prix
larrousse,Larrousse,French,http://en.wikipedia.org/wiki/Larrousse
ligier,Ligier,French,http://en.wikipedia.org/wiki/Ligier
lola,Lola,British,http://en.wikipedia.org/wiki/MasterCard_Lola
mclaren,McLaren,British,http://en.wikipedia.org/wiki/McLaren
minardi,Minardi,Italian,http://en.wikipedia.org/wiki/Minardi
sauber,Sauber,Swiss,http://en.wikipedia.org/wiki/Sauber
team_lotus,Team Lotus,British,http://en.wikipedia.org/wiki/Team_Lotus
tyrrell,Tyrrell,British,http://en.wikipedia.org/wiki/Tyrrell_Racing
williams,Williams,British,http://en.wikipedia.org/wiki/Williams_Grand_Prix_Engineering
benetton,Benetton,Italian,http://en.wikipedia.org/wiki/Benetton_Formula
ferrari,Ferrari,Italian,http://en.wikipedia.org/wiki/Scuderia_Ferrari
footwork,Footwork,British,http://en.wikipedia.org/wiki/Footwork_Arrows
jordan,Jordan,Irish,http://en.wikipedia.org/wiki/Jordan_Grand_Prix
larrousse,Larrousse,French,http://en.wikipedia.org/wiki/Larrousse
ligier,Ligier,French,http://en.wikipedia.org/wiki/Ligier
mclaren,McLaren,British,http://en.wikipedia.org/wiki/McLaren
minardi,Minardi,Italian,http://en.wikipedia.org/wiki/Minardi
pacific,Pacific,British,http://en.wikipedia.org/wiki/Pacific_Racing
sauber,Sauber,Swiss,http://en.wikipedia.org/wiki/Sauber
simtek,Simtek,British,http://en.wikipedia.org/wiki/Simtek
team_lotus,Team Lotus,British,http://en.wikipedia.org/wiki/Team_Lotus
tyrrell,Tyrrell,British,http://en.wikipedia.org/wiki/Tyrrell_Racing
williams,Williams,British,http://en.wikipedia.org/wiki/Williams_Grand_Prix_Engineering
benetton,Benetton,Italian,http://en.wikipedia.org/wiki/Benetton_Formula
ferrari,Ferrari,Italian,http://en.wikipedia.org/wiki/Scuderia_Ferrari
footwork,Footwork,British,http://en.wikipedia.org/wiki/Footwork_Arrows
forti,Forti,Italian,http://en.wikipedia.org/wiki/Forti
jordan,Jordan,Irish,http://en.wikipedia.org/wiki/Jordan_Grand_Prix
ligier,Ligier,French,http://en.wikipedia.org/wiki/Ligier
mclaren,McLaren,British,http://en.wikipedia.org/wiki/McLaren
minardi,Minardi,Italian,http://en.wikipedia.org/wiki/Minardi
pacific,Pacific,British,http://en.wikipedia.org/wiki/Pacific_Racing
sauber,Sauber,Swiss,http://en.wikipedia.org/wiki/Sauber
simtek,Simtek,British,http://en.wikipedia.org/wiki/Simtek
tyrrell,Tyrrell,British,http://en.wikipedia.org/wiki/Tyrrell_Racing
williams,Williams,British,http://en.wikipedia.org/wiki/Williams_Grand_Prix_Engineering
benetton,Benetton,Italian,http://en.wikipedia.org/wiki/Benetton_Formula
ferrari,Ferrari,Italian,http://en.wikipedia.org/wiki/Scuderia_Ferrari
footwork,Footwork,British,http://en.wikipedia.org/wiki/Footwork_Arrows
forti,Forti,Italian,http://en.wikipedia.org/wiki/Forti
jordan,Jordan,Irish,http://en.wikipedia.org/wiki/Jordan_Grand_Prix
ligier,Ligier,French,http://en.wikipedia.org/wiki/Ligier
mclaren,McLaren,British,http://en.wikipedia.org/wiki/McLaren
minardi,Minardi,Italian,http://en.wikipedia.org/wiki/Minardi
sauber,Sauber,Swiss,http://en.wikipedia.org/wiki/Sauber
tyrrell,Tyrrell,British,http://en.wikipedia.org/wiki/Tyrrell_Racing
williams,Williams,British,http://en.wikipedia.org/wiki/Williams_Grand_Prix_Engineering
arrows,Arrows,British,http://en.wikipedia.org/wiki/Arrows_Grand_Prix_International
benetton,Benetton,Italian,http://en.wikipedia.org/wiki/Benetton_Formula
ferrari,Ferrari,Italian,http://en.wikipedia.org/wiki/Scuderia_Ferrari
jordan,Jordan,Irish,http://en.wikipedia.org/wiki/Jordan_Grand_Prix
lola,Lola,British,http://en.wikipedia.org/wiki/MasterCard_Lola
mclaren,McLaren,British,http://en.wikipedia.org/wiki/McLaren
minardi,Minardi,Italian,http://en.wikipedia.org/wiki/Minardi
prost,Prost,French,http://en.wikipedia.org/wiki/Prost_Grand_Prix
sauber,Sauber,Swiss,http://en.wikipedia.org/wiki/Sauber
stewart,Stewart,British,http://en.wikipedia.org/wiki/Stewart_Grand_Prix
tyrrell,Tyrrell,British,http://en.wikipedia.org/wiki/Tyrrell_Racing
williams,Williams,British,http://en.wikipedia.org/wiki/Williams_Grand_Prix_Engineering
arrows,Arrows,British,http://en.wikipedia.org/wiki/Arrows_Grand_Prix_International
benetton,Benetton,Italian,http://en.wikipedia.org/wiki/Benetton_Formula
ferrari,Ferrari,Italian,http://en.wikipedia.org/wiki/Scuderia_Ferrari
jordan,Jordan,Irish,http://en.wikipedia.org/wiki/Jordan_Grand_Prix
mclaren,McLaren,British,http://en.wikipedia.org/wiki/McLaren
minardi,Minardi,Italian,http://en.wikipedia.org/wiki/Minardi
prost,Prost,French,http://en.wikipedia.org/wiki/Prost_Grand_Prix
sauber,Sauber,Swiss,http://en.wikipedia.org/wiki/Sauber
stewart,Stewart,British,http://en.wikipedia.org/wiki/Stewart_Grand_Prix
tyrrell,Tyrrell,British,http://en.wikipedia.org/wiki/Tyrrell_Racing
williams,Williams,British,http://en.wikipedia.org/wiki/Williams_Grand_Prix_Engineering
arrows,Arrows,British,http://en.wikipedia.org/wiki/Arrows_Grand_Prix_International
bar,BAR,British,http://en.wikipedia.org/wiki/British_American_Racing
benetton,Benetton,Italian,http://en.wikipedia.org/wiki/Benetton_Formula
ferrari,Ferrari,Italian,http://en.wikipedia.org/wiki/Scuderia_Ferrari
jordan,Jordan,Irish,http://en.wikipedia.org/wiki/Jordan_Grand_Prix
mclaren,McLaren,British,http://en.wikipedia.org/wiki/McLaren
minardi,Minardi,Italian,http://en.wikipedia.org/wiki/Minardi
prost,Prost,French,http://en.wikipedia.org/wiki/Prost_Grand_Prix
sauber,Sauber,Swiss,http://en.wikipedia.org/wiki/Sauber
stewart,Stewart,British,http://en.wikipedia.org/wiki/Stewart_Grand_Prix
williams,Williams,British,http://en.wikipedia.org/wiki/Williams_Grand_Prix_Engineering
arrows,Arrows,British,http://en.wikipedia.org/wiki/Arrows_Grand_Prix_International
bar,BAR,British,http://en.wikipedia.org/wiki/British_American_Racing
benetton,Benetton,Italian,http://en.wikipedia.org/wiki/Benetton_Formula
ferrari,Ferrari,Italian,http://en.wikipedia.org/wiki/Scuderia_Ferrari
jaguar,Jaguar,British,http://en.wikipedia.org/wiki/Jaguar_Racing
jordan,Jordan,Irish,http://en.wikipedia.org/wiki/Jordan_Grand_Prix
mclaren,McLaren,British,http://en.wikipedia.org/wiki/McLaren
minardi,Minardi,Italian,http://en.wikipedia.org/wiki/Minardi
prost,Prost,French,http://en.wikipedia.org/wiki/Prost_Grand_Prix
sauber,Sauber,Swiss,http://en.wikipedia.org/wiki/Sauber
williams,Williams,British,http://en.wikipedia.org/wiki/Williams_Grand_Prix_Engineering
arrows,Arrows,British,http://en.wikipedia.org/wiki/Arrows_Grand_Prix_International
bar,BAR,British,http://en.wikipedia.org/wiki/British_American_Racing
benetton,Benetton,Italian,http://en.wikipedia.org/wiki/Benetton_Formula
ferrari,Ferrari,Italian,http://en.wikipedia.org/wiki/Scuderia_Ferrari
jaguar,Jaguar,British,http://en.wikipedia.org/wiki/Jaguar_Racing
jordan,Jordan,Irish,http://en.wikipedia.org/wiki/Jordan_Grand_Prix
mclaren,McLaren,British,http://en.wikipedia.org/wiki/McLaren
minardi,Minardi,Italian,http://en.wikipedia.org/wiki/Minardi
prost,Prost,French,http://en.wikipedia.org/wiki/Prost_Grand_Prix
sauber,Sauber,Swiss,http://en.wikipedia.org/wiki/Sauber
williams,Williams,British,http://en.wikipedia.org/wiki/Williams_Grand_Prix_Engineering
arrows,Arrows,British,http://en.wikipedia.org/wiki/Arrows_Grand_Prix_International
bar,BAR,British,http://en.wikipedia.org/wiki/British_American_Racing
ferrari,Ferrari,Italian,http://en.wikipedia.org/wiki/Scuderia_Ferrari
jaguar,Jaguar,British,http://en.wikipedia.org/wiki/Jaguar_Racing
jordan,Jordan,Irish,http://en.wikipedia.org/wiki/Jordan_Grand_Prix
mclaren,McLaren,British,http://en.wikipedia.org/wiki/McLaren
minardi,Minardi,Italian,http://en.wikipedia.org/wiki/Minardi
renault,Renault,French,http://en.wikipedia.org/wiki/Renault_in_Formula_One
sauber,Sauber,Swiss,http://en.wikipedia.org/wiki/Sauber
toyota,Toyota,Japanese,http://en.wikipedia.org/wiki/Toyota_Racing
williams,Williams,British,http://en.wikipedia.org/wiki/Williams_Grand_Prix_Engineering
bar,BAR,British,http://en.wikipedia.org/wiki/British_American_Racing
ferrari,Ferrari,Italian,http://en.wikipedia.org/wiki/Scuderia_Ferrari
jaguar,Jaguar,British,http://en.wikipedia.org/wiki/Jaguar_Racing
jordan,Jordan,Irish,http://en.wikipedia.org/wiki/Jordan_Grand_Prix
mclaren,McLaren,British,http://en.wikipedia.org/wiki/McLaren
minardi,Minardi,Italian,http://en.wikipedia.org/wiki/Minardi
renault,Renault,French,http://en.wikipedia.org/wiki/Renault_in_Formula_One
sauber,Sauber,Swiss,http://en.wikipedia.org/wiki/Sauber
toyota,Toyota,Japanese,http://en.wikipedia.org/wiki/Toyota_Racing
williams,Williams,British,http://en.wikipedia.org/wiki/Williams_Grand_Prix_Engineering
bar,BAR,British,http://en.wikipedia.org/wiki/British_American_Racing
ferrari,Ferrari,Italian,http://en.wikipedia.org/wiki/Scuderia_Ferrari
jaguar,Jaguar,British,http://en.wikipedia.org/wiki/Jaguar_Racing
jordan,Jordan,Irish,http://en.wikipedia.org/wiki/Jordan_Grand_Prix
mclaren,McLaren,British,http://en.wikipedia.org/wiki/McLaren
minardi,Minardi,Italian,http://en.wikipedia.org/wiki/Minardi
renault,Renault,French,http://en.wikipedia.org/wiki/Renault_in_Formula_One
sauber,Sauber,Swiss,http://en.wikipedia.org/wiki/Sauber
toyota,Toyota,Japanese,http://en.wikipedia.org/wiki/Toyota_Racing
williams,Williams,British,http://en.wikipedia.org/wiki/Williams_Grand_Prix_Engineering
bar,BAR,British,http://en.wikipedia.org/wiki/British_American_Racing
ferrari,Ferrari,Italian,http://en.wikipedia.org/wiki/Scuderia_Ferrari
jordan,Jordan,Irish,http://en.wikipedia.org/wiki/Jordan_Grand_Prix
mclaren,McLaren,British,http://en.wikipedia.org/wiki/McLaren
minardi,Minardi,Italian,http://en.wikipedia.org/wiki/Minardi
red_bull,Red Bull,Austrian,http://en.wikipedia.org/wiki/Red_Bull_Racing
renault,Renault,French,http://en.wikipedia.org/wiki/Renault_in_Formula_One
sauber,Sauber,Swiss,http://en.wikipedia.org/wiki/Sauber
toyota,Toyota,Japanese,http://en.wikipedia.org/wiki/Toyota_Racing
williams,Williams,British,http://en.wikipedia.org/wiki/Williams_Grand_Prix_Engineering
bmw_sauber,BMW Sauber,German,http://en.wikipedia.org/wiki/BMW_Sauber
ferrari,Ferrari,Italian,http://en.wikipedia.org/wiki/Scuderia_Ferrari
honda,Honda,Japanese,http://en.wikipedia.org/wiki/Honda_Racing_F1
mclaren,McLaren,British,http://en.wikipedia.org/wiki/McLaren
mf1,MF1,Russian,http://en.wikipedia.org/wiki/Midland_F1_Racing
red_bull,Red Bull,Austrian,http://en.wikipedia.org/wiki/Red_Bull_Racing
renault,Renault,French,http://en.wikipedia.org/wiki/Renault_in_Formula_One
spyker_mf1,Spyker MF1,Dutch,http://en.wikipedia.org/wiki/Midland_F1_Racing
super_aguri,Super Aguri,Japanese,http://en.wikipedia.org/wiki/Super_Aguri_F1
toro_rosso,Toro Rosso,Italian,http://en.wikipedia.org/wiki/Scuderia_Toro_Rosso
toyota,Toyota,Japanese,http://en.wikipedia.org/wiki/Toyota_Racing
williams,Williams,British,http://en.wikipedia.org/wiki/Williams_Grand_Prix_Engineering
bmw_sauber,BMW Sauber,German,http://en.wikipedia.org/wiki/BMW_Sauber
ferrari,Ferrari,Italian,http://en.wikipedia.org/wiki/Scuderia_Ferrari
honda,Honda,Japanese,http://en.wikipedia.org/wiki/Honda_Racing_F1
mclaren,McLaren,British,http://en.wikipedia.org/wiki/McLaren
red_bull,Red Bull,Austrian,http://en.wikipedia.org/wiki/Red_Bull_Racing
renault,Renault,French,http://en.wikipedia.org/wiki/Renault_in_Formula_One
spyker,Spyker,Dutch,http://en.wikipedia.org/wiki/Spyker_F1
super_aguri,Super Aguri,Japanese,http://en.wikipedia.org/wiki/Super_Aguri_F1
toro_rosso,Toro Rosso,Italian,http://en.wikipedia.org/wiki/Scuderia_Toro_Rosso
toyota,Toyota,Japanese,http://en.wikipedia.org/wiki/Toyota_Racing
williams,Williams,British,http://en.wikipedia.org/wiki/Williams_Grand_Prix_Engineering
bmw_sauber,BMW Sauber,German,http://en.wikipedia.org/wiki/BMW_Sauber
ferrari,Ferrari,Italian,http://en.wikipedia.org/wiki/Scuderia_Ferrari
force_india,Force India,Indian,http://en.wikipedia.org/wiki/Racing_Point_Force_India
honda,Honda,Japanese,http://en.wikipedia.org/wiki/Honda_Racing_F1
mclaren,McLaren,British,http://en.wikipedia.org/wiki/McLaren
red_bull,Red Bull,Austrian,http://en.wikipedia.org/wiki/Red_Bull_Racing
renault,Renault,French,http://en.wikipedia.org/wiki/Renault_in_Formula_One
super_aguri,Super Aguri,Japanese,http://en.wikipedia.org/wiki/Super_Aguri_F1
toro_rosso,Toro Rosso,Italian,http://en.wikipedia.org/wiki/Scuderia_Toro_Rosso
toyota,Toyota,Japanese,http://en.wikipedia.org/wiki/Toyota_Racing
williams,Williams,British,http://en.wikipedia.org/wiki/Williams_Grand_Prix_Engineering
bmw_sauber,BMW Sauber,German,http://en.wikipedia.org/wiki/BMW_Sauber
brawn,Brawn,British,http://en.wikipedia.org/wiki/Brawn_GP
ferrari,Ferrari,Italian,http://en.wikipedia.org/wiki/Scuderia_Ferrari
force_india,Force India,Indian,http://en.wikipedia.org/wiki/Racing_Point_Force_India
mclaren,McLaren,British,http://en.wikipedia.org/wiki/McLaren
red_bull,Red Bull,Austrian,http://en.wikipedia.org/wiki/Red_Bull_Racing
renault,Renault,French,http://en.wikipedia.org/wiki/Renault_in_Formula_One
toro_rosso,Toro Rosso,Italian,http://en.wikipedia.org/wiki/Scuderia_Toro_Rosso
toyota,Toyota,Japanese,http://en.wikipedia.org/wiki/Toyota_Racing
williams,Williams,British,http://en.wikipedia.org/wiki/Williams_Grand_Prix_Engineering
ferrari,Ferrari,Italian,http://en.wikipedia.org/wiki/Scuderia_Ferrari
force_india,Force India,Indian,http://en.wikipedia.org/wiki/Racing_Point_Force_India
hrt,HRT,Spanish,http://en.wikipedia.org/wiki/Hispania_Racing
lotus_racing,Lotus,Malaysian,http://en.wikipedia.org/wiki/Lotus_Racing
mclaren,McLaren,British,http://en.wikipedia.org/wiki/McLaren
mercedes,Mercedes,German,http://en.wikipedia.org/wiki/Mercedes-Benz_in_Formula_One
red_bull,Red Bull,Austrian,http://en.wikipedia.org/wiki/Red_Bull_Racing
renault,Renault,French,http://en.wikipedia.org/wiki/Renault_in_Formula_One
sauber,Sauber,Swiss,http://en.wikipedia.org/wiki/Sauber
toro_rosso,Toro Rosso,Italian,http://en.wikipedia.org/wiki/Scuderia_Toro_Rosso
virgin,Virgin,British,http://en.wikipedia.org/wiki/Virgin_Racing
williams,Williams,British,http://en.wikipedia.org/wiki/Williams_Grand_Prix_Engineering
ferrari,Ferrari,Italian,http://en.wikipedia.org/wiki/Scuderia_Ferrari
force_india,Force India,Indian,http://en.wikipedia.org/wiki/Racing_Point_Force_India
hrt,HRT,Spanish,http://en.wikipedia.org/wiki/Hispania_Racing
lotus_racing,Lotus,Malaysian,http://en.wikipedia.org/wiki/Lotus_Racing
mclaren,McLaren,British,http://en.wikipedia.org/wiki/McLaren
mercedes,Mercedes,German,http://en.wikipedia.org/wiki/Mercedes-Benz_in_Formula_One
red_bull,Red Bull,Austrian,http://en.wikipedia.org/wiki/Red_Bull_Racing
renault,Renault,French,http://en.wikipedia.org/wiki/Renault_in_Formula_One
sauber,Sauber,Swiss,http://en.wikipedia.org/wiki/Sauber
toro_rosso,Toro Rosso,Italian,http://en.wikipedia.org/wiki/Scuderia_Toro_Rosso
virgin,Virgin,British,http://en.wikipedia.org/wiki/Virgin_Racing
williams,Williams,British,http://en.wikipedia.org/wiki/Williams_Grand_Prix_Engineering
caterham,Caterham,Malaysian,http://en.wikipedia.org/wiki/Caterham_F1
ferrari,Ferrari,Italian,http://en.wikipedia.org/wiki/Scuderia_Ferrari
force_india,Force India,Indian,http://en.wikipedia.org/wiki/Racing_Point_Force_India
hrt,HRT,Spanish,http://en.wikipedia.org/wiki/Hispania_Racing
lotus_f1,Lotus F1,British,http://en.wikipedia.org/wiki/Lotus_F1
marussia,Marussia,Russian,http://en.wikipedia.org/wiki/Marussia_F1
mclaren,McLaren,British,http://en.wikipedia.org/wiki/McLaren
mercedes,Mercedes,German,http://en.wikipedia.org/wiki/Mercedes-Benz_in_Formula_One
red_bull,Red Bull,Austrian,http://en.wikipedia.org/wiki/Red_Bull_Racing
sauber,Sauber,Swiss,http://en.wikipedia.org/wiki/Sauber
toro_rosso,Toro Rosso,Italian,http://en.wikipedia.org/wiki/Scuderia_Toro_Rosso
williams,Williams,British,http://en.wikipedia.org/wiki/Williams_Grand_Prix_Engineering
caterham,Caterham,Malaysian,http://en.wikipedia.org/wiki/Caterham_F1
ferrari,Ferrari,Italian,http://en.wikipedia.org/wiki/Scuderia_Ferrari
force_india,Force India,Indian,http://en.wikipedia.org/wiki/Racing_Point_Force_India
lotus_f1,Lotus F1,British,http://en.wikipedia.org/wiki/Lotus_F1
marussia,Marussia,Russian,http://en.wikipedia.org/wiki/Marussia_F1
mclaren,McLaren,British,http://en.wikipedia.org/wiki/McLaren
mercedes,Mercedes,German,http://en.wikipedia.org/wiki/Mercedes-Benz_in_Formula_One
red_bull,Red Bull,Austrian,http://en.wikipedia.org/wiki/Red_Bull_Racing
sauber,Sauber,Swiss,http://en.wikipedia.org/wiki/Sauber
toro_rosso,Toro Rosso,Italian,http://en.wikipedia.org/wiki/Scuderia_Toro_Rosso
williams,Williams,British,http://en.wikipedia.org/wiki/Williams_Grand_Prix_Engineering
caterham,Caterham,Malaysian,http://en.wikipedia.org/wiki/Caterham_F1
ferrari,Ferrari,Italian,http://en.wikipedia.org/wiki/Scuderia_Ferrari
force_india,Force India,Indian,http://en.wikipedia.org/wiki/Racing_Point_Force_India
lotus_f1,Lotus F1,British,http://en.wikipedia.org/wiki/Lotus_F1
marussia,Marussia,Russian,http://en.wikipedia.org/wiki/Marussia_F1
mclaren,McLaren,British,http://en.wikipedia.org/wiki/McLaren
mercedes,Mercedes,German,http://en.wikipedia.org/wiki/Mercedes-Benz_in_Formula_One
red_bull,Red Bull,Austrian,http://en.wikipedia.org/wiki/Red_Bull_Racing
sauber,Sauber,Swiss,http://en.wikipedia.org/wiki/Sauber
toro_rosso,Toro Rosso,Italian,http://en.wikipedia.org/wiki/Scuderia_Toro_Rosso
williams,Williams,British,http://en.wikipedia.org/wiki/Williams_Grand_Prix_Engineering
ferrari,Ferrari,Italian,http://en.wikipedia.org/wiki/Scuderia_Ferrari
force_india,Force India,Indian,http://en.wikipedia.org/wiki/Racing_Point_Force_India
lotus_f1,Lotus F1,British,http://en.wikipedia.org/wiki/Lotus_F1
manor,Manor Marussia,British,http://en.wikipedia.org/wiki/Manor_Motorsport
mclaren,McLaren,British,http://en.wikipedia.org/wiki/McLaren
mercedes,Mercedes,German,http://en.wikipedia.org/wiki/Mercedes-Benz_in_Formula_One
red_bull,Red Bull,Austrian,http://en.wikipedia.org/wiki/Red_Bull_Racing
sauber,Sauber,Swiss,http://en.wikipedia.org/wiki/Sauber
toro_rosso,Toro Rosso,Italian,http://en.wikipedia.org/wiki/Scuderia_Toro_Rosso
williams,Williams,British,http://en.wikipedia.org/wiki/Williams_Grand_Prix_Engineering
ferrari,Ferrari,Italian,http://en.wikipedia.org/wiki/Scuderia_Ferrari
force_india,Force India,Indian,http://en.wikipedia.org/wiki/Racing_Point_Force_India
haas,Haas F1 Team,American,http://en.wikipedia.org/wiki/Haas_F1_Team
manor,Manor Marussia,British,http://en.wikipedia.org/wiki/Manor_Motorsport
mclaren,McLaren,British,http://en.wikipedia.org/wiki/McLaren
mercedes,Mercedes,German,http://en.wikipedia.org/wiki/Mercedes-Benz_in_Formula_One
red_bull,Red Bull,Austrian,http://en.wikipedia.org/wiki/Red_Bull_Racing
renault,Renault,French,http://en.wikipedia.org/wiki/Renault_in_Formula_One
sauber,Sauber,Swiss,http://en.wikipedia.org/wiki/Sauber
toro_rosso,Toro Rosso,Italian,http://en.wikipedia.org/wiki/Scuderia_Toro_Rosso
williams,Williams,British,http://en.wikipedia.org/wiki/Williams_Grand_Prix_Engineering
ferrari,Ferrari,Italian,http://en.wikipedia.org/wiki/Scuderia_Ferrari
force_india,Force India,Indian,http://en.wikipedia.org/wiki/Racing_Point_Force_India
haas,Haas F1 Team,American,http://en.wikipedia.org/wiki/Haas_F1_Team
mclaren,McLaren,British,http://en.wikipedia.org/wiki/McLaren
mercedes,Mercedes,German,http://en.wikipedia.org/wiki/Mercedes-Benz_in_Formula_One
red_bull,Red Bull,Austrian,http://en.wikipedia.org/wiki/Red_Bull_Racing
renault,Renault,French,http://en.wikipedia.org/wiki/Renault_in_Formula_One
sauber,Sauber,Swiss,http://en.wikipedia.org/wiki/Sauber
toro_rosso,Toro Rosso,Italian,http://en.wikipedia.org/wiki/Scuderia_Toro_Rosso
williams,Williams,British,http://en.wikipedia.org/wiki/Williams_Grand_Prix_Engineering
ferrari,Ferrari,Italian,http://en.wikipedia.org/wiki/Scuderia_Ferrari
force_india,Force India,Indian,http://en.wikipedia.org/wiki/Racing_Point_Force_India
haas,Haas F1 Team,American,http://en.wikipedia.org/wiki/Haas_F1_Team
mclaren,McLaren,British,http://en.wikipedia.org/wiki/McLaren
mercedes,Mercedes,German,http://en.wikipedia.org/wiki/Mercedes-Benz_in_Formula_One
red_bull,Red Bull,Austrian,http://en.wikipedia.org/wiki/Red_Bull_Racing
renault,Renault,French,http://en.wikipedia.org/wiki/Renault_in_Formula_One
sauber,Sauber,Swiss,http://en.wikipedia.org/wiki/Sauber
toro_rosso,Toro Rosso,Italian,http://en.wikipedia.org/wiki/Scuderia_Toro_Rosso
williams,Williams,British,http://en.wikipedia.org/wiki/Williams_Grand_Prix_Engineering
alfa,Alfa Romeo,Swiss,http://en.wikipedia.org/wiki/Alfa_Romeo_in_Formula_One
ferrari,Ferrari,Italian,http://en.wikipedia.org/wiki/Scuderia_Ferrari
haas,Haas F1 Team,American,http://en.wikipedia.org/wiki/Haas_F1_Team
mclaren,McLaren,British,http://en.wikipedia.org/wiki/McLaren
mercedes,Mercedes,German,http://en.wikipedia.org/wiki/Mercedes-Benz_in_Formula_One
racing_point,Racing Point,British,http://en.wikipedia.org/wiki/Racing_Point_F1_Team
red_bull,Red Bull,Austrian,http://en.wikipedia.org/wiki/Red_Bull_Racing
renault,Renault,French,http://en.wikipedia.org/wiki/Renault_in_Formula_One
toro_rosso,Toro Rosso,Italian,http://en.wikipedia.org/wiki/Scuderia_Toro_Rosso
williams,Williams,British,http://en.wikipedia.org/wiki/Williams_Grand_Prix_Engineering
alfa,Alfa Romeo,Swiss,http://en.wikipedia.org/wiki/Alfa_Romeo_in_Formula_One
alphatauri,AlphaTauri,Italian,http://en.wikipedia.org/wiki/Scuderia_AlphaTauri
ferrari,Ferrari,Italian,http://en.wikipedia.org/wiki/Scuderia_Ferrari
haas,Haas F1 Team,American,http://en.wikipedia.org/wiki/Haas_F1_Team
mclaren,McLaren,British,http://en.wikipedia.org/wiki/McLaren
mercedes,Mercedes,German,http://en.wikipedia.org/wiki/Mercedes-Benz_in_Formula_One
racing_point,Racing Point,British,http://en.wikipedia.org/wiki/Racing_Point_F1_Team
red_bull,Red Bull,Austrian,http://en.wikipedia.org/wiki/Red_Bull_Racing
renault,Renault,French,http://en.wikipedia.org/wiki/Renault_in_Formula_One
williams,Williams,British,http://en.wikipedia.org/wiki/Williams_Grand_Prix_Engineering
alfa,Alfa Romeo,Swiss,http://en.wikipedia.org/wiki/Alfa_Romeo_in_Formula_One
alphatauri,AlphaTauri,Italian,http://en.wikipedia.org/wiki/Scuderia_AlphaTauri
alpine,Alpine F1 Team,French,http://en.wikipedia.org/wiki/Alpine_F1_Team
aston_martin,Aston Martin,British,http://en.wikipedia.org/wiki/Aston_Martin_in_Formula_One
ferrari,Ferrari,Italian,http://en.wikipedia.org/wiki/Scuderia_Ferrari
haas,Haas F1 Team,American,http://en.wikipedia.org/wiki/Haas_F1_Team
mclaren,McLaren,British,http://en.wikipedia.org/wiki/McLaren
mercedes,Mercedes,German,http://en.wikipedia.org/wiki/Mercedes-Benz_in_Formula_One
red_bull,Red Bull,Austrian,http://en.wikipedia.org/wiki/Red_Bull_Racing
williams,Williams,British,http://en.wikipedia.org/wiki/Williams_Grand_Prix_Engineering
alfa,Alfa Romeo,Swiss,http://en.wikipedia.org/wiki/Alfa_Romeo_in_Formula_One
alphatauri,AlphaTauri,Italian,http://en.wikipedia.org/wiki/Scuderia_AlphaTauri
alpine,Alpine F1 Team,French,http://en.wikipedia.org/wiki/Alpine_F1_Team
aston_martin,Aston Martin,British,http://en.wikipedia.org/wiki/Aston_Martin_in_Formula_One
ferrari,Ferrari,Italian,http://en.wikipedia.org/wiki/Scuderia_Ferrari
haas,Haas F1 Team,American,http://en.wikipedia.org/wiki/Haas_F1_Team
mclaren,McLaren,British,http://en.wikipedia.org/wiki/McLaren
mercedes,Mercedes,German,http://en.wikipedia.org/wiki/Mercedes-Benz_in_Formula_One
red_bull,Red Bull,Austrian,http://en.wikipedia.org/wiki/Red_Bull_Racing
williams,Williams,British,http://en.wikipedia.org/wiki/Williams_Grand_Prix_Engineering
